idna_subject,checker_type,destination,source,tested_at,session_id
ad.a8.net,AVAILABILITY,origin.list,origin.list,2022-11-26 05:38:16.962612,798989aab7d85dce019f56d7
static.a-ads.com,AVAILABILITY,origin.list,origin.list,2022-11-26 05:38:17.024793,798989aab7d85dce019f56d7
mfr.a2dfp.net,AVAILABILITY,origin.list,origin.list,2022-11-26 05:38:19.860810,798989aab7d85dce019f56d7
fr.a2dfp.net,AVAILABILITY,origin.list,origin.list,2022-11-26 05:38:20.359423,798989aab7d85dce019f56d7
abcstats.com,AVAILABILITY,origin.list,origin.list,2022-11-26 05:38:24.104424,798989aab7d85dce019f56d7
track.acclaimnetwork.com,AVAILABILITY,origin.list,origin.list,2022-11-26 05:38:25.354653,798989aab7d85dce019f56d7
ad2games.com,AVAILABILITY,origin.list,origin.list,2022-11-26 05:38:29.731459,798989aab7d85dce019f56d7
csh.actiondesk.com,AVAILABILITY,origin.list,origin.list,2022-11-26 05:38:29.775278,798989aab7d85dce019f56d7
asy.a8ww.net,AVAILABILITY,origin.list,origin.list,2022-11-26 05:38:31.012917,798989aab7d85dce019f56d7
ads.activepower.net,AVAILABILITY,origin.list,origin.list,2022-11-26 05:38:31.390690,798989aab7d85dce019f56d7
app.activetrail.com,AVAILABILITY,origin.list,origin.list,2022-11-26 05:38:32.170238,798989aab7d85dce019f56d7
adadvisor.net,AVAILABILITY,origin.list,origin.list,2022-11-26 05:38:33.894141,798989aab7d85dce019f56d7
www.adchimp.com,AVAILABILITY,origin.list,origin.list,2022-11-26 05:38:34.195304,798989aab7d85dce019f56d7
static.adfclick1.com,AVAILABILITY,origin.list,origin.list,2022-11-26 05:38:37.855790,798989aab7d85dce019f56d7
adexc.net,AVAILABILITY,origin.list,origin.list,2022-11-26 05:38:39.932065,798989aab7d85dce019f56d7
ct1.addthis.com,AVAILABILITY,origin.list,origin.list,2022-11-26 05:38:40.014035,798989aab7d85dce019f56d7
pixel.adcrowd.com,AVAILABILITY,origin.list,origin.list,2022-11-26 05:38:40.683358,798989aab7d85dce019f56d7
server.adformdsp.net,AVAILABILITY,origin.list,origin.list,2022-11-26 05:38:47.063092,798989aab7d85dce019f56d7
s.adframesrc.com,AVAILABILITY,origin.list,origin.list,2022-11-26 05:38:47.134157,798989aab7d85dce019f56d7
www.adgitize.com,AVAILABILITY,origin.list,origin.list,2022-11-26 05:38:47.502427,798989aab7d85dce019f56d7
static.uk.addynamo.com,AVAILABILITY,origin.list,origin.list,2022-11-26 05:38:48.881511,798989aab7d85dce019f56d7
adgrx.com,AVAILABILITY,origin.list,origin.list,2022-11-26 05:38:49.934246,798989aab7d85dce019f56d7
www.ad-groups.com,AVAILABILITY,origin.list,origin.list,2022-11-26 05:38:50.457736,798989aab7d85dce019f56d7
adhitzads.com,AVAILABILITY,origin.list,origin.list,2022-11-26 05:38:51.484676,798989aab7d85dce019f56d7
media.adfrontiers.com,AVAILABILITY,origin.list,origin.list,2022-11-26 05:38:55.549615,798989aab7d85dce019f56d7
adserver-e7.com,AVAILABILITY,origin.list,origin.list,2022-11-26 05:38:55.847641,798989aab7d85dce019f56d7
admedia.com,AVAILABILITY,origin.list,origin.list,2022-11-26 05:38:59.021816,798989aab7d85dce019f56d7
aj.adjungle.com,AVAILABILITY,origin.list,origin.list,2022-11-26 05:39:00.241675,798989aab7d85dce019f56d7
w.admedia.com,AVAILABILITY,origin.list,origin.list,2022-11-26 05:39:00.722502,798989aab7d85dce019f56d7
adhall.com,AVAILABILITY,origin.list,origin.list,2022-11-26 05:39:02.676500,798989aab7d85dce019f56d7
ads.adnet.am,AVAILABILITY,origin.list,origin.list,2022-11-26 05:39:06.708367,798989aab7d85dce019f56d7
n.admagnet.net,AVAILABILITY,origin.list,origin.list,2022-11-26 05:39:07.570843,798989aab7d85dce019f56d7
run.admost.com,AVAILABILITY,origin.list,origin.list,2022-11-26 05:39:08.254489,798989aab7d85dce019f56d7
cdn.admixer.net,AVAILABILITY,origin.list,origin.list,2022-11-26 05:39:08.111101,798989aab7d85dce019f56d7
ad.adnet.biz,AVAILABILITY,origin.list,origin.list,2022-11-26 05:39:09.415078,798989aab7d85dce019f56d7
srv.adngin.com,AVAILABILITY,origin.list,origin.list,2022-11-26 05:39:14.047299,798989aab7d85dce019f56d7
www.ad-net.co.uk,AVAILABILITY,origin.list,origin.list,2022-11-26 05:39:14.436153,798989aab7d85dce019f56d7
adnet.com.ua,AVAILABILITY,origin.list,origin.list,2022-11-26 05:39:15.148895,798989aab7d85dce019f56d7
speednetwork14.adk2.co,AVAILABILITY,origin.list,origin.list,2022-11-26 05:39:18.010137,798989aab7d85dce019f56d7
ad.adnow.com,AVAILABILITY,origin.list,origin.list,2022-11-26 05:39:18.347746,798989aab7d85dce019f56d7
ace.adoftheyear.com,AVAILABILITY,origin.list,origin.list,2022-11-26 05:39:19.536335,798989aab7d85dce019f56d7
cdn.oas-c17.adnxs.com,AVAILABILITY,origin.list,origin.list,2022-11-26 05:39:20.265200,798989aab7d85dce019f56d7
adroll.com,AVAILABILITY,origin.list,origin.list,2022-11-26 05:39:24.256782,798989aab7d85dce019f56d7
vu.adschoom.com,AVAILABILITY,origin.list,origin.list,2022-11-26 05:39:28.626935,798989aab7d85dce019f56d7
mg.adskeeper.co.uk,AVAILABILITY,origin.list,origin.list,2022-11-26 05:39:28.714595,798989aab7d85dce019f56d7
content.adspynet.com,AVAILABILITY,origin.list,origin.list,2022-11-26 05:39:30.804977,798989aab7d85dce019f56d7
ab.adpro.com.ua,AVAILABILITY,origin.list,origin.list,2022-11-26 05:39:34.088357,798989aab7d85dce019f56d7
tt11.adobe.com,AVAILABILITY,origin.list,origin.list,2022-11-26 05:39:34.285348,798989aab7d85dce019f56d7
engine.adspynet.com,AVAILABILITY,origin.list,origin.list,2022-11-26 05:39:35.298862,798989aab7d85dce019f56d7
ads.adsready.com,AVAILABILITY,origin.list,origin.list,2022-11-26 05:39:35.894885,798989aab7d85dce019f56d7
www.adrotate.net,AVAILABILITY,origin.list,origin.list,2022-11-26 05:39:37.774841,798989aab7d85dce019f56d7
adrunnr.com,AVAILABILITY,origin.list,origin.list,2022-11-26 05:39:39.102342,798989aab7d85dce019f56d7
track.adtraction.com,AVAILABILITY,origin.list,origin.list,2022-11-26 05:39:39.699127,798989aab7d85dce019f56d7
core.adunity.com,AVAILABILITY,origin.list,origin.list,2022-11-26 05:39:42.466261,798989aab7d85dce019f56d7
ad.ad-srv.net,AVAILABILITY,origin.list,origin.list,2022-11-26 05:39:42.476309,798989aab7d85dce019f56d7
v2.adsbookie.com,AVAILABILITY,origin.list,origin.list,2022-11-26 05:39:42.663444,798989aab7d85dce019f56d7
static.ads-twitter.com,AVAILABILITY,origin.list,origin.list,2022-11-26 05:39:46.526410,798989aab7d85dce019f56d7
adserver-voice-online.co.uk,AVAILABILITY,origin.list,origin.list,2022-11-26 05:39:46.803669,798989aab7d85dce019f56d7
adultmoneymakers.com,AVAILABILITY,origin.list,origin.list,2022-11-26 05:39:47.237010,798989aab7d85dce019f56d7
adscendmedia.com,AVAILABILITY,origin.list,origin.list,2022-11-26 05:39:47.378227,798989aab7d85dce019f56d7
www.adtrade.net,AVAILABILITY,origin.list,origin.list,2022-11-26 05:39:51.945541,798989aab7d85dce019f56d7
www.advertlets.com,AVAILABILITY,origin.list,origin.list,2022-11-26 05:39:52.562591,798989aab7d85dce019f56d7
ads.advertise.net,AVAILABILITY,origin.list,origin.list,2022-11-26 05:39:54.669773,798989aab7d85dce019f56d7
ad.adverticum.net,AVAILABILITY,origin.list,origin.list,2022-11-26 05:39:55.692007,798989aab7d85dce019f56d7
adve.net,AVAILABILITY,origin.list,origin.list,2022-11-26 05:39:55.874862,798989aab7d85dce019f56d7
img.adverticum.net,AVAILABILITY,origin.list,origin.list,2022-11-26 05:40:00.740486,798989aab7d85dce019f56d7
ad.advertstream.com,AVAILABILITY,origin.list,origin.list,2022-11-26 05:40:01.694518,798989aab7d85dce019f56d7
www.advertising365.com,AVAILABILITY,origin.list,origin.list,2022-11-26 05:40:03.888958,798989aab7d85dce019f56d7
imgs.adverticum.net,AVAILABILITY,origin.list,origin.list,2022-11-26 05:40:04.354703,798989aab7d85dce019f56d7
ad.aduserver.com,AVAILABILITY,origin.list,origin.list,2022-11-26 05:40:05.554143,798989aab7d85dce019f56d7
chart.advinion.com,AVAILABILITY,origin.list,origin.list,2022-11-26 05:40:08.713425,798989aab7d85dce019f56d7
events.adwidecenter.com,AVAILABILITY,origin.list,origin.list,2022-11-26 05:40:11.272551,798989aab7d85dce019f56d7
serve.adworldmedia.com,AVAILABILITY,origin.list,origin.list,2022-11-26 05:40:12.028907,798989aab7d85dce019f56d7
affbeat.com,AVAILABILITY,origin.list,origin.list,2022-11-26 05:40:11.961339,798989aab7d85dce019f56d7
www.adwidecenter.com,AVAILABILITY,origin.list,origin.list,2022-11-26 05:40:13.680301,798989aab7d85dce019f56d7
affiliate.affdirect.com,AVAILABILITY,origin.list,origin.list,2022-11-26 05:40:15.299083,798989aab7d85dce019f56d7
affiliategroove.com,AVAILABILITY,origin.list,origin.list,2022-11-26 05:40:18.278634,798989aab7d85dce019f56d7
ads.affiliateclub.com,AVAILABILITY,origin.list,origin.list,2022-11-26 05:40:20.626475,798989aab7d85dce019f56d7
js.affiliatelounge.com,AVAILABILITY,origin.list,origin.list,2022-11-26 05:40:21.337780,798989aab7d85dce019f56d7
banners.affiliatefuture.com,AVAILABILITY,origin.list,origin.list,2022-11-26 05:40:21.328332,798989aab7d85dce019f56d7
record.affiliatelounge.com,AVAILABILITY,origin.list,origin.list,2022-11-26 05:40:21.967658,798989aab7d85dce019f56d7
web1.affiliatelounge.com,AVAILABILITY,origin.list,origin.list,2022-11-26 05:40:25.044397,798989aab7d85dce019f56d7
ac.ajur.info,AVAILABILITY,origin.list,origin.list,2022-11-26 05:40:30.885450,798989aab7d85dce019f56d7
adlik2.akavita.com,AVAILABILITY,origin.list,origin.list,2022-11-26 05:40:34.734430,798989aab7d85dce019f56d7
spotxchange-a.akamaihd.net,AVAILABILITY,origin.list,origin.list,2022-11-26 05:40:36.681777,798989aab7d85dce019f56d7
stats.agentinteractive.com,AVAILABILITY,origin.list,origin.list,2022-11-26 05:40:37.552652,798989aab7d85dce019f56d7
ads.afraccess.com,AVAILABILITY,origin.list,origin.list,2022-11-26 05:40:38.289206,798989aab7d85dce019f56d7
openx.ajur.info,AVAILABILITY,origin.list,origin.list,2022-11-26 05:40:39.380061,798989aab7d85dce019f56d7
ad.amgdgt.com,AVAILABILITY,origin.list,origin.list,2022-11-26 05:40:43.051601,798989aab7d85dce019f56d7
adservice.aliexpress.com,AVAILABILITY,origin.list,origin.list,2022-11-26 05:40:43.235957,798989aab7d85dce019f56d7
widgets.amung.us,AVAILABILITY,origin.list,origin.list,2022-11-26 05:40:44.625956,798989aab7d85dce019f56d7
altmedia101.com,AVAILABILITY,origin.list,origin.list,2022-11-26 05:40:45.435926,798989aab7d85dce019f56d7
adtools2.amakings.com,AVAILABILITY,origin.list,origin.list,2022-11-26 05:40:46.164924,798989aab7d85dce019f56d7
analytics.analytics-egain.com,AVAILABILITY,origin.list,origin.list,2022-11-26 05:40:46.423329,798989aab7d85dce019f56d7
whos.amung.us,AVAILABILITY,origin.list,origin.list,2022-11-26 05:40:48.295601,798989aab7d85dce019f56d7
cloud-us.analytics-egain.com,AVAILABILITY,origin.list,origin.list,2022-11-26 05:40:48.773350,798989aab7d85dce019f56d7
box.anchorfree.net,AVAILABILITY,origin.list,origin.list,2022-11-26 05:40:50.891693,798989aab7d85dce019f56d7
www.anticlown.com,AVAILABILITY,origin.list,origin.list,2022-11-26 05:40:55.067171,798989aab7d85dce019f56d7
www.anastasiasaffiliate.com,AVAILABILITY,origin.list,origin.list,2022-11-26 05:40:57.839091,798989aab7d85dce019f56d7
advert2.ananzi.co.za,AVAILABILITY,origin.list,origin.list,2022-11-26 05:40:58.689249,798989aab7d85dce019f56d7
advert.ananzi.co.za,AVAILABILITY,origin.list,origin.list,2022-11-26 05:41:00.167976,798989aab7d85dce019f56d7
antventure.com,AVAILABILITY,origin.list,origin.list,2022-11-26 05:41:02.341037,798989aab7d85dce019f56d7
rpt.anchorfree.net,AVAILABILITY,origin.list,origin.list,2022-11-26 05:41:03.662777,798989aab7d85dce019f56d7
five.partner.archive-it.org,AVAILABILITY,origin.list,origin.list,2022-11-26 05:41:06.563367,798989aab7d85dce019f56d7
ads.aspalliance.com,AVAILABILITY,origin.list,origin.list,2022-11-26 05:41:06.942293,798989aab7d85dce019f56d7
webtracker.apicasystem.com,AVAILABILITY,origin.list,origin.list,2022-11-26 05:41:06.838738,798989aab7d85dce019f56d7
ad.auditude.com,AVAILABILITY,origin.list,origin.list,2022-11-26 05:41:10.373763,798989aab7d85dce019f56d7
atemda.com,AVAILABILITY,origin.list,origin.list,2022-11-26 05:41:10.664684,798989aab7d85dce019f56d7
www.astalavista.us,AVAILABILITY,origin.list,origin.list,2022-11-26 05:41:13.271675,798989aab7d85dce019f56d7
ads.auctionads.com,AVAILABILITY,origin.list,origin.list,2022-11-26 05:41:13.720816,798989aab7d85dce019f56d7
junior.apk.net,AVAILABILITY,origin.list,origin.list,2022-11-26 05:41:18.200426,798989aab7d85dce019f56d7
adserving.autotrader.com,AVAILABILITY,origin.list,origin.list,2022-11-26 05:41:19.153627,798989aab7d85dce019f56d7
ads.autotrader.com,AVAILABILITY,origin.list,origin.list,2022-11-26 05:41:20.246455,798989aab7d85dce019f56d7
profiling.avandor.com,AVAILABILITY,origin.list,origin.list,2022-11-26 05:41:22.253445,798989aab7d85dce019f56d7
avantlink.com,AVAILABILITY,origin.list,origin.list,2022-11-26 05:41:24.262922,798989aab7d85dce019f56d7
d.audienceiq.com,AVAILABILITY,origin.list,origin.list,2022-11-26 05:41:27.916742,798989aab7d85dce019f56d7
www.avantlink.com,AVAILABILITY,origin.list,origin.list,2022-11-26 05:41:28.476107,798989aab7d85dce019f56d7
analytics.aweber.com,AVAILABILITY,origin.list,origin.list,2022-11-26 05:41:30.863223,798989aab7d85dce019f56d7
banerator.net,AVAILABILITY,origin.list,origin.list,2022-11-26 05:41:31.744973,798989aab7d85dce019f56d7
www.banner-rotation.com,AVAILABILITY,origin.list,origin.list,2022-11-26 05:41:34.623546,798989aab7d85dce019f56d7
match.basebanner.com,AVAILABILITY,origin.list,origin.list,2022-11-26 05:41:37.334627,798989aab7d85dce019f56d7
rev.avsforum.com,AVAILABILITY,origin.list,origin.list,2022-11-26 05:41:38.441530,798989aab7d85dce019f56d7
api.bttrack.com,AVAILABILITY,origin.list,origin.list,2022-11-26 05:41:39.016506,798989aab7d85dce019f56d7
ad.batanga.com,AVAILABILITY,origin.list,origin.list,2022-11-26 05:41:40.615469,798989aab7d85dce019f56d7
go.eu.bbelements.com,AVAILABILITY,origin.list,origin.list,2022-11-26 05:41:42.766516,798989aab7d85dce019f56d7
app.beanstalkdata.com,AVAILABILITY,origin.list,origin.list,2022-11-26 05:41:48.106253,798989aab7d85dce019f56d7
ads.be2hand.com,AVAILABILITY,origin.list,origin.list,2022-11-26 05:41:49.752196,798989aab7d85dce019f56d7
www.belstat.com,AVAILABILITY,origin.list,origin.list,2022-11-26 05:41:51.729287,798989aab7d85dce019f56d7
tracker.beezup.com,AVAILABILITY,origin.list,origin.list,2022-11-26 05:41:52.860542,798989aab7d85dce019f56d7
ads.betfair.com,AVAILABILITY,origin.list,origin.list,2022-11-26 05:41:55.888481,798989aab7d85dce019f56d7
imstore.bet365affiliates.com,AVAILABILITY,origin.list,origin.list,2022-11-26 05:41:56.491695,798989aab7d85dce019f56d7
oddbanner.bet-at-home.com,AVAILABILITY,origin.list,origin.list,2022-11-26 05:41:56.883768,798989aab7d85dce019f56d7
www.beead.co.uk,AVAILABILITY,origin.list,origin.list,2022-11-26 05:41:57.862793,798989aab7d85dce019f56d7
www.bettertextads.com,AVAILABILITY,origin.list,origin.list,2022-11-26 05:42:06.476257,798989aab7d85dce019f56d7
banners.betcris.com,AVAILABILITY,origin.list,origin.list,2022-11-26 05:42:06.728697,798989aab7d85dce019f56d7
ad.beritasatumedia.com,AVAILABILITY,origin.list,origin.list,2022-11-26 05:42:10.080517,798989aab7d85dce019f56d7
adsby.bidtheatre.com,AVAILABILITY,origin.list,origin.list,2022-11-26 05:42:13.614490,798989aab7d85dce019f56d7
ads.bgtop.net,AVAILABILITY,origin.list,origin.list,2022-11-26 05:42:14.147962,798989aab7d85dce019f56d7
bgtop100.com,AVAILABILITY,origin.list,origin.list,2022-11-26 05:42:14.110455,798989aab7d85dce019f56d7
ads.bgfree.com,AVAILABILITY,origin.list,origin.list,2022-11-26 05:42:17.142810,798989aab7d85dce019f56d7
banners.bgmaps.com,AVAILABILITY,origin.list,origin.list,2022-11-26 05:42:18.009339,798989aab7d85dce019f56d7
banex.bikers-engine.com,AVAILABILITY,origin.list,origin.list,2022-11-26 05:42:18.243915,798989aab7d85dce019f56d7
bighop.com,AVAILABILITY,origin.list,origin.list,2022-11-26 05:42:18.755071,798989aab7d85dce019f56d7
api.bigmobileads.com,AVAILABILITY,origin.list,origin.list,2022-11-26 05:42:21.882820,798989aab7d85dce019f56d7
ads2.blastro.com,AVAILABILITY,origin.list,origin.list,2022-11-26 05:42:24.915087,798989aab7d85dce019f56d7
ads3.blastro.com,AVAILABILITY,origin.list,origin.list,2022-11-26 05:42:26.905079,798989aab7d85dce019f56d7
view.binlayer.com,AVAILABILITY,origin.list,origin.list,2022-11-26 05:42:26.996176,798989aab7d85dce019f56d7
ads.biscom.net,AVAILABILITY,origin.list,origin.list,2022-11-26 05:42:27.636092,798989aab7d85dce019f56d7
ads.blog.com,AVAILABILITY,origin.list,origin.list,2022-11-26 05:42:30.042443,798989aab7d85dce019f56d7
www.blogcatalog.com,AVAILABILITY,origin.list,origin.list,2022-11-26 05:42:32.511183,798989aab7d85dce019f56d7
pcbutts1-therealtruth.blogspot.com,AVAILABILITY,origin.list,origin.list,2022-11-26 05:42:35.184592,798989aab7d85dce019f56d7
ads.blogherads.com,AVAILABILITY,origin.list,origin.list,2022-11-26 05:42:36.737621,798989aab7d85dce019f56d7
blogcounter.com,AVAILABILITY,origin.list,origin.list,2022-11-26 05:42:36.747178,798989aab7d85dce019f56d7
blekko.com,AVAILABILITY,origin.list,origin.list,2022-11-26 05:42:37.284510,798989aab7d85dce019f56d7
stats.bluebillywig.com,AVAILABILITY,origin.list,origin.list,2022-11-26 05:42:40.531961,798989aab7d85dce019f56d7
ads.blizzard.com,AVAILABILITY,origin.list,origin.list,2022-11-26 05:42:41.732583,798989aab7d85dce019f56d7
adserver.bloodhorse.com,AVAILABILITY,origin.list,origin.list,2022-11-26 05:42:42.299205,798989aab7d85dce019f56d7
t.bmmetrix.com,AVAILABILITY,origin.list,origin.list,2022-11-26 05:42:42.928355,798989aab7d85dce019f56d7
www.bmmetrix.com,AVAILABILITY,origin.list,origin.list,2022-11-26 05:42:48.501159,798989aab7d85dce019f56d7
ads.boerse-express.com,AVAILABILITY,origin.list,origin.list,2022-11-26 05:42:49.843652,798989aab7d85dce019f56d7
watershed.bm23.com,AVAILABILITY,origin.list,origin.list,2022-11-26 05:42:52.365884,798989aab7d85dce019f56d7
reklama.botevgrad.com,AVAILABILITY,origin.list,origin.list,2022-11-26 05:42:59.090628,798989aab7d85dce019f56d7
ads.boardtracker.com,AVAILABILITY,origin.list,origin.list,2022-11-26 05:42:59.721659,798989aab7d85dce019f56d7
citi.bridgetrack.com,AVAILABILITY,origin.list,origin.list,2022-11-26 05:43:01.012959,798989aab7d85dce019f56d7
ranks.boardtracker.com,AVAILABILITY,origin.list,origin.list,2022-11-26 05:43:01.186747,798989aab7d85dce019f56d7
goku.brightcove.com,AVAILABILITY,origin.list,origin.list,2022-11-26 05:43:07.429542,798989aab7d85dce019f56d7
ads.bsplayer.com,AVAILABILITY,origin.list,origin.list,2022-11-26 05:43:07.967136,798989aab7d85dce019f56d7
tracker.brainsins.com,AVAILABILITY,origin.list,origin.list,2022-11-26 05:43:09.509146,798989aab7d85dce019f56d7
ads.businessclick.com,AVAILABILITY,origin.list,origin.list,2022-11-26 05:43:09.993749,798989aab7d85dce019f56d7
buylicensekey.com,AVAILABILITY,origin.list,origin.list,2022-11-26 05:43:10.203838,798989aab7d85dce019f56d7
assets.buysellads.com,AVAILABILITY,origin.list,origin.list,2022-11-26 05:43:14.765818,798989aab7d85dce019f56d7
www.buzzclick.com,AVAILABILITY,origin.list,origin.list,2022-11-26 05:43:15.847784,798989aab7d85dce019f56d7
cdn.buysellads.com,AVAILABILITY,origin.list,origin.list,2022-11-26 05:43:17.338656,798989aab7d85dce019f56d7
byet.org,AVAILABILITY,origin.list,origin.list,2022-11-26 05:43:17.249265,798989aab7d85dce019f56d7
blog.byethost.com,AVAILABILITY,origin.list,origin.list,2022-11-26 05:43:18.728890,798989aab7d85dce019f56d7
145-ct.c3tag.com,AVAILABILITY,origin.list,origin.list,2022-11-26 05:43:20.239841,798989aab7d85dce019f56d7
298-ct.c3tag.com,AVAILABILITY,origin.list,origin.list,2022-11-26 05:43:22.527168,798989aab7d85dce019f56d7
687-ct.c3tag.com,AVAILABILITY,origin.list,origin.list,2022-11-26 05:43:24.948617,798989aab7d85dce019f56d7
755-ct.c3tag.com,AVAILABILITY,origin.list,origin.list,2022-11-26 05:43:24.964517,798989aab7d85dce019f56d7
www.cambodiaoutsourcing.com,AVAILABILITY,origin.list,origin.list,2022-11-26 05:43:28.697740,798989aab7d85dce019f56d7
openx.camelmedia.net,AVAILABILITY,origin.list,origin.list,2022-11-26 05:43:29.941912,798989aab7d85dce019f56d7
cdn.carbonads.com,AVAILABILITY,origin.list,origin.list,2022-11-26 05:43:33.096614,798989aab7d85dce019f56d7
stats.canalblog.com,AVAILABILITY,origin.list,origin.list,2022-11-26 05:43:33.702558,798989aab7d85dce019f56d7
ads.calgarystampede.com,AVAILABILITY,origin.list,origin.list,2022-11-26 05:43:36.597098,798989aab7d85dce019f56d7
srv.carbonads.net,AVAILABILITY,origin.list,origin.list,2022-11-26 05:43:37.858220,798989aab7d85dce019f56d7
ads.cars.com,AVAILABILITY,origin.list,origin.list,2022-11-26 05:43:38.785629,798989aab7d85dce019f56d7
tracking.cdiscount.com,AVAILABILITY,origin.list,origin.list,2022-11-26 05:43:40.339091,798989aab7d85dce019f56d7
www.casinotropez.com,AVAILABILITY,origin.list,origin.list,2022-11-26 05:43:42.156558,798989aab7d85dce019f56d7
radar.cedexis.com,AVAILABILITY,origin.list,origin.list,2022-11-26 05:43:42.942335,798989aab7d85dce019f56d7
c.cfjump.com,AVAILABILITY,origin.list,origin.list,2022-11-26 05:43:43.928768,798989aab7d85dce019f56d7
cn.ecritel.bench.cedexis.com,AVAILABILITY,origin.list,origin.list,2022-11-26 05:43:47.836853,798989aab7d85dce019f56d7
t.cfjump.com,AVAILABILITY,origin.list,origin.list,2022-11-26 05:43:51.942356,798989aab7d85dce019f56d7
adsapi.chartbeat.com,AVAILABILITY,origin.list,origin.list,2022-11-26 05:43:52.034305,798989aab7d85dce019f56d7
count.channeladvisor.com,AVAILABILITY,origin.list,origin.list,2022-11-26 05:43:57.765056,798989aab7d85dce019f56d7
clevernt.com,AVAILABILITY,origin.list,origin.list,2022-11-26 05:43:57.972001,798989aab7d85dce019f56d7
ckstatic.com,AVAILABILITY,origin.list,origin.list,2022-11-26 05:44:00.675899,798989aab7d85dce019f56d7
ads.china.com,AVAILABILITY,origin.list,origin.list,2022-11-26 05:44:02.162689,798989aab7d85dce019f56d7
v5.chinoc.net,AVAILABILITY,origin.list,origin.list,2022-11-26 05:44:05.389021,798989aab7d85dce019f56d7
are.clevernt.com,AVAILABILITY,origin.list,origin.list,2022-11-26 05:44:06.759982,798989aab7d85dce019f56d7
cdn.clic2pub.com,AVAILABILITY,origin.list,origin.list,2022-11-26 05:44:07.560195,798989aab7d85dce019f56d7
tracktrue.clicktrue.biz,AVAILABILITY,origin.list,origin.list,2022-11-26 05:44:11.917173,798989aab7d85dce019f56d7
www.clickvalidator.net,AVAILABILITY,origin.list,origin.list,2022-11-26 05:44:13.602248,798989aab7d85dce019f56d7
www.is1.clixgalore.com,AVAILABILITY,origin.list,origin.list,2022-11-26 05:44:16.107554,798989aab7d85dce019f56d7
www.clixgalore.com,AVAILABILITY,origin.list,origin.list,2022-11-26 05:44:18.019012,798989aab7d85dce019f56d7
publishers.clickbooth.com,AVAILABILITY,origin.list,origin.list,2022-11-26 05:44:16.944197,798989aab7d85dce019f56d7
banners.clips4sale.com,AVAILABILITY,origin.list,origin.list,2022-11-26 05:44:20.431102,798989aab7d85dce019f56d7
www.clickhouse.com,AVAILABILITY,origin.list,origin.list,2022-11-26 05:44:21.153690,798989aab7d85dce019f56d7
www.cnstats.com,AVAILABILITY,origin.list,origin.list,2022-11-26 05:44:21.795021,798989aab7d85dce019f56d7
pixel.condenastdigital.com,AVAILABILITY,origin.list,origin.list,2022-11-26 05:44:25.288085,798989aab7d85dce019f56d7
www.co2stats.com,AVAILABILITY,origin.list,origin.list,2022-11-26 05:44:26.151842,798989aab7d85dce019f56d7
traffic.prod.cobaltgroup.com,AVAILABILITY,origin.list,origin.list,2022-11-26 05:44:26.683290,798989aab7d85dce019f56d7
ads.contextweb.com,AVAILABILITY,origin.list,origin.list,2022-11-26 05:44:27.779637,798989aab7d85dce019f56d7
ads.consumeraffairs.com,AVAILABILITY,origin.list,origin.list,2022-11-26 05:44:29.916045,798989aab7d85dce019f56d7
www.conversionruler.com,AVAILABILITY,origin.list,origin.list,2022-11-26 05:44:33.833697,798989aab7d85dce019f56d7
ds.contextweb.com,AVAILABILITY,origin.list,origin.list,2022-11-26 05:44:33.959163,798989aab7d85dce019f56d7
pings.conviva.com,AVAILABILITY,origin.list,origin.list,2022-11-26 05:44:35.397115,798989aab7d85dce019f56d7
ads.contactmusic.com,AVAILABILITY,origin.list,origin.list,2022-11-26 05:44:36.756669,798989aab7d85dce019f56d7
ad.cooks.com,AVAILABILITY,origin.list,origin.list,2022-11-26 05:44:39.986165,798989aab7d85dce019f56d7
ad2.cooks.com,AVAILABILITY,origin.list,origin.list,2022-11-26 05:44:42.870490,798989aab7d85dce019f56d7
data.de.coremetrics.com,AVAILABILITY,origin.list,origin.list,2022-11-26 05:44:43.399730,798989aab7d85dce019f56d7
banners.copyscape.com,AVAILABILITY,origin.list,origin.list,2022-11-26 05:44:43.723706,798989aab7d85dce019f56d7
www.counter-gratis.com,AVAILABILITY,origin.list,origin.list,2022-11-26 05:44:47.618895,798989aab7d85dce019f56d7
www.contaxe.com,AVAILABILITY,origin.list,origin.list,2022-11-26 05:44:48.072509,798989aab7d85dce019f56d7
cdn.dmpcounter.com,AVAILABILITY,origin.list,origin.list,2022-11-26 05:44:52.487662,798989aab7d85dce019f56d7
www.cpmterra.com,AVAILABILITY,origin.list,origin.list,2022-11-26 05:44:55.683097,798989aab7d85dce019f56d7
banner.coza.com,AVAILABILITY,origin.list,origin.list,2022-11-26 05:44:58.564269,798989aab7d85dce019f56d7
ads.cpxcenter.com,AVAILABILITY,origin.list,origin.list,2022-11-26 05:45:00.446307,798989aab7d85dce019f56d7
connectionzone.com,AVAILABILITY,origin.list,origin.list,2022-11-26 05:45:01.610255,798989aab7d85dce019f56d7
cdn.cpxinteractive.com,AVAILABILITY,origin.list,origin.list,2022-11-26 05:45:02.475150,798989aab7d85dce019f56d7
www.cpays.com,AVAILABILITY,origin.list,origin.list,2022-11-26 05:45:03.398716,798989aab7d85dce019f56d7
static.crakbanner.com,AVAILABILITY,origin.list,origin.list,2022-11-26 05:45:06.626795,798989aab7d85dce019f56d7
ads.crisppremium.com,AVAILABILITY,origin.list,origin.list,2022-11-26 05:45:09.462454,798989aab7d85dce019f56d7
sh.creativcdn.net,AVAILABILITY,origin.list,origin.list,2022-11-26 05:45:09.659020,798989aab7d85dce019f56d7
i.ctnsnet.com,AVAILABILITY,origin.list,origin.list,2022-11-26 05:45:11.316583,798989aab7d85dce019f56d7
ads.milliyet.cubecdn.net,AVAILABILITY,origin.list,origin.list,2022-11-26 05:45:11.887242,798989aab7d85dce019f56d7
de17a.com,AVAILABILITY,origin.list,origin.list,2022-11-26 05:45:18.063349,798989aab7d85dce019f56d7
www.dataforce.net,AVAILABILITY,origin.list,origin.list,2022-11-26 05:45:18.137034,798989aab7d85dce019f56d7
count.daem0n.com,AVAILABILITY,origin.list,origin.list,2022-11-26 05:45:18.903718,798989aab7d85dce019f56d7
ads.dennisnet.co.uk,AVAILABILITY,origin.list,origin.list,2022-11-26 05:45:22.401111,798989aab7d85dce019f56d7
www.cybereps.com,AVAILABILITY,origin.list,origin.list,2022-11-26 05:45:23.981980,798989aab7d85dce019f56d7
fast.gannett.demdex.net,AVAILABILITY,origin.list,origin.list,2022-11-26 05:45:27.096562,798989aab7d85dce019f56d7
adcast.deviantart.com,AVAILABILITY,origin.list,origin.list,2022-11-26 05:45:27.354854,798989aab7d85dce019f56d7
advertising.dclux.com,AVAILABILITY,origin.list,origin.list,2022-11-26 05:45:28.322834,798989aab7d85dce019f56d7
deostr.com,AVAILABILITY,origin.list,origin.list,2022-11-26 05:45:29.365911,798989aab7d85dce019f56d7
connect.decknetwork.net,AVAILABILITY,origin.list,origin.list,2022-11-26 05:45:32.256406,798989aab7d85dce019f56d7
ads.digitalpoint.com,AVAILABILITY,origin.list,origin.list,2022-11-26 05:45:33.493149,798989aab7d85dce019f56d7
www.dia-traffic.com,AVAILABILITY,origin.list,origin.list,2022-11-26 05:45:33.344986,798989aab7d85dce019f56d7
geo.digitalpoint.com,AVAILABILITY,origin.list,origin.list,2022-11-26 05:45:34.354728,798989aab7d85dce019f56d7
glitter.services.disqus.com,AVAILABILITY,origin.list,origin.list,2022-11-26 05:45:35.820868,798989aab7d85dce019f56d7
disqusads.com,AVAILABILITY,origin.list,origin.list,2022-11-26 05:45:36.097125,798989aab7d85dce019f56d7
www.direct-stats.com,AVAILABILITY,origin.list,origin.list,2022-11-26 05:45:37.314964,798989aab7d85dce019f56d7
return.domainnamesales.com,AVAILABILITY,origin.list,origin.list,2022-11-26 05:45:39.552784,798989aab7d85dce019f56d7
return.bs.domainnamesales.com,AVAILABILITY,origin.list,origin.list,2022-11-26 05:45:42.395824,798989aab7d85dce019f56d7
ad.donanimhaber.com,AVAILABILITY,origin.list,origin.list,2022-11-26 05:45:43.029852,798989aab7d85dce019f56d7
ads.digitalalchemy.tv,AVAILABILITY,origin.list,origin.list,2022-11-26 05:45:44.254945,798989aab7d85dce019f56d7
adv.dontcrack.com,AVAILABILITY,origin.list,origin.list,2022-11-26 05:45:45.829807,798989aab7d85dce019f56d7
test-script.dotmetrics.net,AVAILABILITY,origin.list,origin.list,2022-11-26 05:45:48.527675,798989aab7d85dce019f56d7
script.dotmetrics.net,AVAILABILITY,origin.list,origin.list,2022-11-26 05:45:49.193381,798989aab7d85dce019f56d7
ads.dotomi.com,AVAILABILITY,origin.list,origin.list,2022-11-26 05:45:49.980737,798989aab7d85dce019f56d7
publishers.domainadvertising.com,AVAILABILITY,origin.list,origin.list,2022-11-26 05:45:51.383577,798989aab7d85dce019f56d7
iad-login.dotomi.com,AVAILABILITY,origin.list,origin.list,2022-11-26 05:45:51.630882,798989aab7d85dce019f56d7
tracking.dsmmadvantage.com,AVAILABILITY,origin.list,origin.list,2022-11-26 05:45:54.601618,798989aab7d85dce019f56d7
tracking.dtiserv2.com,AVAILABILITY,origin.list,origin.list,2022-11-26 05:45:56.015400,798989aab7d85dce019f56d7
ad03.doubleadx.com,AVAILABILITY,origin.list,origin.list,2022-11-26 05:45:57.385582,798989aab7d85dce019f56d7
www.dwin1.com,AVAILABILITY,origin.list,origin.list,2022-11-26 05:46:00.866917,798989aab7d85dce019f56d7
ads.dynamic-media.org,AVAILABILITY,origin.list,origin.list,2022-11-26 05:46:01.906602,798989aab7d85dce019f56d7
cdn.earnify.com,AVAILABILITY,origin.list,origin.list,2022-11-26 05:46:03.997871,798989aab7d85dce019f56d7
ads.double.net,AVAILABILITY,origin.list,origin.list,2022-11-26 05:46:04.541426,798989aab7d85dce019f56d7
www.easy-dating.org,AVAILABILITY,origin.list,origin.list,2022-11-26 05:46:06.667490,798989aab7d85dce019f56d7
track.dvdbox.com,AVAILABILITY,origin.list,origin.list,2022-11-26 05:46:07.478246,798989aab7d85dce019f56d7
cdn.easy-ads.com,AVAILABILITY,origin.list,origin.list,2022-11-26 05:46:07.679376,798989aab7d85dce019f56d7
ay.eastmoney.com,AVAILABILITY,origin.list,origin.list,2022-11-26 05:46:09.124219,798989aab7d85dce019f56d7
c.ecliks.com,AVAILABILITY,origin.list,origin.list,2022-11-26 05:46:11.876721,798989aab7d85dce019f56d7
ads.ecrush.com,AVAILABILITY,origin.list,origin.list,2022-11-26 05:46:12.506573,798989aab7d85dce019f56d7
ads.bridgetrack.com.edgesuite.net,AVAILABILITY,origin.list,origin.list,2022-11-26 05:46:16.602501,798989aab7d85dce019f56d7
ad.ecplaza.net,AVAILABILITY,origin.list,origin.list,2022-11-26 05:46:16.756573,798989aab7d85dce019f56d7
images.edgeads.org,AVAILABILITY,origin.list,origin.list,2022-11-26 05:46:18.672744,798989aab7d85dce019f56d7
servedby.edgeads.org,AVAILABILITY,origin.list,origin.list,2022-11-26 05:46:19.661668,798989aab7d85dce019f56d7
track.effiliation.com,AVAILABILITY,origin.list,origin.list,2022-11-26 05:46:20.444233,798989aab7d85dce019f56d7
ads.eccentrix.com,AVAILABILITY,origin.list,origin.list,2022-11-26 05:46:21.568541,798989aab7d85dce019f56d7
eisenstein.dk,AVAILABILITY,origin.list,origin.list,2022-11-26 05:46:23.799481,798989aab7d85dce019f56d7
global.ekmpinpoint.com,AVAILABILITY,origin.list,origin.list,2022-11-26 05:46:24.577552,798989aab7d85dce019f56d7
www.ellads.com,AVAILABILITY,origin.list,origin.list,2022-11-26 05:46:28.478730,798989aab7d85dce019f56d7
email-reflex.com,AVAILABILITY,origin.list,origin.list,2022-11-26 05:46:31.320403,798989aab7d85dce019f56d7
s1415903351.t.eloqua.com,AVAILABILITY,origin.list,origin.list,2022-11-26 05:46:33.019117,798989aab7d85dce019f56d7
ads.elmaz.com,AVAILABILITY,origin.list,origin.list,2022-11-26 05:46:33.361496,798989aab7d85dce019f56d7
ads.elitetrader.com,AVAILABILITY,origin.list,origin.list,2022-11-26 05:46:33.737860,798989aab7d85dce019f56d7
trk.enecto.com,AVAILABILITY,origin.list,origin.list,2022-11-26 05:46:36.949714,798989aab7d85dce019f56d7
dotnet.endai.com,AVAILABILITY,origin.list,origin.list,2022-11-26 05:46:43.034696,798989aab7d85dce019f56d7
openx.engagedmediamags.com,AVAILABILITY,origin.list,origin.list,2022-11-26 05:46:48.849103,798989aab7d85dce019f56d7
adsrv.ads.eniro.com,AVAILABILITY,origin.list,origin.list,2022-11-26 05:46:49.694249,798989aab7d85dce019f56d7
entk.net,AVAILABILITY,origin.list,origin.list,2022-11-26 05:46:51.176455,798989aab7d85dce019f56d7
publicidad.entelchile.net,AVAILABILITY,origin.list,origin.list,2022-11-26 05:46:52.298109,798989aab7d85dce019f56d7
sa.entireweb.com,AVAILABILITY,origin.list,origin.list,2022-11-26 05:46:53.070721,798989aab7d85dce019f56d7
epmads.com,AVAILABILITY,origin.list,origin.list,2022-11-26 05:46:55.180045,798989aab7d85dce019f56d7
ads.e-planning.net,AVAILABILITY,origin.list,origin.list,2022-11-26 05:46:55.616205,798989aab7d85dce019f56d7
code.etracker.com,AVAILABILITY,origin.list,origin.list,2022-11-26 05:46:57.055309,798989aab7d85dce019f56d7
e-marketing.entelchile.net,AVAILABILITY,origin.list,origin.list,2022-11-26 05:46:57.677798,798989aab7d85dce019f56d7
pixel.everesttech.net,AVAILABILITY,origin.list,origin.list,2022-11-26 05:47:02.733998,798989aab7d85dce019f56d7
geoads.eurorevenue.com,AVAILABILITY,origin.list,origin.list,2022-11-26 05:47:03.785212,798989aab7d85dce019f56d7
pixel-user-1039.everesttech.net,AVAILABILITY,origin.list,origin.list,2022-11-26 05:47:06.168385,798989aab7d85dce019f56d7
venetian.evyy.net,AVAILABILITY,origin.list,origin.list,2022-11-26 05:47:06.380617,798989aab7d85dce019f56d7
ads.ere.net,AVAILABILITY,origin.list,origin.list,2022-11-26 05:47:08.741647,798989aab7d85dce019f56d7
www.exchangead.com,AVAILABILITY,origin.list,origin.list,2022-11-26 05:47:11.180648,798989aab7d85dce019f56d7
ads.expekt.com,AVAILABILITY,origin.list,origin.list,2022-11-26 05:47:12.384979,798989aab7d85dce019f56d7
expo-max.com,AVAILABILITY,origin.list,origin.list,2022-11-26 05:47:13.486190,798989aab7d85dce019f56d7
1278725189.pub.ezanga.com,AVAILABILITY,origin.list,origin.list,2022-11-26 05:47:16.214990,798989aab7d85dce019f56d7
expired-targeted.com,AVAILABILITY,origin.list,origin.list,2022-11-26 05:47:17.177014,798989aab7d85dce019f56d7
resources.eyereturn.com,AVAILABILITY,origin.list,origin.list,2022-11-26 05:47:18.315899,798989aab7d85dce019f56d7
a.farlex.com,AVAILABILITY,origin.list,origin.list,2022-11-26 05:47:22.433008,798989aab7d85dce019f56d7
fashion-tube.be,AVAILABILITY,origin.list,origin.list,2022-11-26 05:47:22.822023,798989aab7d85dce019f56d7
www.experclick.com,AVAILABILITY,origin.list,origin.list,2022-11-26 05:47:24.884866,798989aab7d85dce019f56d7
fastonlineusers.com,AVAILABILITY,origin.list,origin.list,2022-11-26 05:47:26.282592,798989aab7d85dce019f56d7
counter1.fc2.com,AVAILABILITY,origin.list,origin.list,2022-11-26 05:47:29.362802,798989aab7d85dce019f56d7
error.fc2.com,AVAILABILITY,origin.list,origin.list,2022-11-26 05:47:30.050548,798989aab7d85dce019f56d7
feedjit.com,AVAILABILITY,origin.list,origin.list,2022-11-26 05:47:30.645408,798989aab7d85dce019f56d7
st.fanatics.com,AVAILABILITY,origin.list,origin.list,2022-11-26 05:47:31.250040,798989aab7d85dce019f56d7
banners.ffsbg.com,AVAILABILITY,origin.list,origin.list,2022-11-26 05:47:36.647100,798989aab7d85dce019f56d7
ads.fiat-bg.org,AVAILABILITY,origin.list,origin.list,2022-11-26 05:47:37.941500,798989aab7d85dce019f56d7
tracker.financialcontent.com,AVAILABILITY,origin.list,origin.list,2022-11-26 05:47:38.140676,798989aab7d85dce019f56d7
banner.finn.no,AVAILABILITY,origin.list,origin.list,2022-11-26 05:47:41.250219,798989aab7d85dce019f56d7
s01.flagcounter.com,AVAILABILITY,origin.list,origin.list,2022-11-26 05:47:42.901063,798989aab7d85dce019f56d7
tracking.fccinteractive.com,AVAILABILITY,origin.list,origin.list,2022-11-26 05:47:43.161625,798989aab7d85dce019f56d7
s02.flagcounter.com,AVAILABILITY,origin.list,origin.list,2022-11-26 05:47:43.407992,798989aab7d85dce019f56d7
adboost.finalid.com,AVAILABILITY,origin.list,origin.list,2022-11-26 05:47:47.806174,798989aab7d85dce019f56d7
s03.flagcounter.com,AVAILABILITY,origin.list,origin.list,2022-11-26 05:47:48.107869,798989aab7d85dce019f56d7
s07.flagcounter.com,AVAILABILITY,origin.list,origin.list,2022-11-26 05:47:48.788386,798989aab7d85dce019f56d7
s06.flagcounter.com,AVAILABILITY,origin.list,origin.list,2022-11-26 05:47:49.183745,798989aab7d85dce019f56d7
s04.flagcounter.com,AVAILABILITY,origin.list,origin.list,2022-11-26 05:47:49.301252,798989aab7d85dce019f56d7
s08.flagcounter.com,AVAILABILITY,origin.list,origin.list,2022-11-26 05:47:52.993182,798989aab7d85dce019f56d7
s11.flagcounter.com,AVAILABILITY,origin.list,origin.list,2022-11-26 05:47:53.115478,798989aab7d85dce019f56d7
s09.flagcounter.com,AVAILABILITY,origin.list,origin.list,2022-11-26 05:47:54.540207,798989aab7d85dce019f56d7
2.s09.flagcounter.com,AVAILABILITY,origin.list,origin.list,2022-11-26 05:47:55.615006,798989aab7d85dce019f56d7
s10.flagcounter.com,AVAILABILITY,origin.list,origin.list,2022-11-26 05:47:56.222813,798989aab7d85dce019f56d7
c.flx1.com,AVAILABILITY,origin.list,origin.list,2022-11-26 05:47:59.409575,798989aab7d85dce019f56d7
ads.focus-news.net,AVAILABILITY,origin.list,origin.list,2022-11-26 05:48:00.003576,798989aab7d85dce019f56d7
www.fncash.com,AVAILABILITY,origin.list,origin.list,2022-11-26 05:48:00.336349,798989aab7d85dce019f56d7
rnews.focus-news.net,AVAILABILITY,origin.list,origin.list,2022-11-26 05:48:02.285523,798989aab7d85dce019f56d7
www.fpcclicks.com,AVAILABILITY,origin.list,origin.list,2022-11-26 05:48:03.498436,798989aab7d85dce019f56d7
controller.foreseeresults.com,AVAILABILITY,origin.list,origin.list,2022-11-26 05:48:04.579219,798989aab7d85dce019f56d7
banners.flingguru.com,AVAILABILITY,origin.list,origin.list,2022-11-26 05:48:07.678488,798989aab7d85dce019f56d7
freegeoip.net,AVAILABILITY,origin.list,origin.list,2022-11-26 05:48:08.355211,798989aab7d85dce019f56d7
banners.freett.com,AVAILABILITY,origin.list,origin.list,2022-11-26 05:48:09.032039,798989aab7d85dce019f56d7
static.freeskreen.com,AVAILABILITY,origin.list,origin.list,2022-11-26 05:48:09.297190,798989aab7d85dce019f56d7
forvideo.at,AVAILABILITY,origin.list,origin.list,2022-11-26 05:48:10.789751,798989aab7d85dce019f56d7
counters.freewebs.com,AVAILABILITY,origin.list,origin.list,2022-11-26 05:48:14.362025,798989aab7d85dce019f56d7
nx.frosmo.com,AVAILABILITY,origin.list,origin.list,2022-11-26 05:48:16.133163,798989aab7d85dce019f56d7
frtyb.com,AVAILABILITY,origin.list,origin.list,2022-11-26 05:48:16.648994,798989aab7d85dce019f56d7
count.freett.com,AVAILABILITY,origin.list,origin.list,2022-11-26 05:48:16.621247,798989aab7d85dce019f56d7
tr1.frosmo.com,AVAILABILITY,origin.list,origin.list,2022-11-26 05:48:17.201958,798989aab7d85dce019f56d7
ads.fuelo.net,AVAILABILITY,origin.list,origin.list,2022-11-26 05:48:21.076159,798989aab7d85dce019f56d7
banners.fulltiltpoker.com,AVAILABILITY,origin.list,origin.list,2022-11-26 05:48:22.250506,798989aab7d85dce019f56d7
ads5.fxdepo.com,AVAILABILITY,origin.list,origin.list,2022-11-26 05:48:23.947431,798989aab7d85dce019f56d7
ingameads.gameloft.com,AVAILABILITY,origin.list,origin.list,2022-11-26 05:48:26.380591,798989aab7d85dce019f56d7
adserving.fyi-marketing.com,AVAILABILITY,origin.list,origin.list,2022-11-26 05:48:26.620208,798989aab7d85dce019f56d7
errdoc.gabia.net,AVAILABILITY,origin.list,origin.list,2022-11-26 05:48:28.751858,798989aab7d85dce019f56d7
ads.fulltiltpoker.com,AVAILABILITY,origin.list,origin.list,2022-11-26 05:48:30.975850,798989aab7d85dce019f56d7
www.geoplugin.net,AVAILABILITY,origin.list,origin.list,2022-11-26 05:48:32.177122,798989aab7d85dce019f56d7
fwbntw.com,AVAILABILITY,origin.list,origin.list,2022-11-26 05:48:32.419788,798989aab7d85dce019f56d7
geoip-db.com,AVAILABILITY,origin.list,origin.list,2022-11-26 05:48:32.596525,798989aab7d85dce019f56d7
ads.garga.biz,AVAILABILITY,origin.list,origin.list,2022-11-26 05:48:33.141059,798989aab7d85dce019f56d7
getrockerbox.com,AVAILABILITY,origin.list,origin.list,2022-11-26 05:48:37.059294,798989aab7d85dce019f56d7
www.getsmart.com,AVAILABILITY,origin.list,origin.list,2022-11-26 05:48:39.745452,798989aab7d85dce019f56d7
www17-orig.glam.com,AVAILABILITY,origin.list,origin.list,2022-11-26 05:48:39.810761,798989aab7d85dce019f56d7
adv.gepime.com,AVAILABILITY,origin.list,origin.list,2022-11-26 05:48:39.982839,798989aab7d85dce019f56d7
getrank.net,AVAILABILITY,origin.list,origin.list,2022-11-26 05:48:40.297450,798989aab7d85dce019f56d7
go777site.com,AVAILABILITY,origin.list,origin.list,2022-11-26 05:48:44.188140,798989aab7d85dce019f56d7
c.gmtrack.com,AVAILABILITY,origin.list,origin.list,2022-11-26 05:48:45.159673,798989aab7d85dce019f56d7
affiliate.gmtracker.com,AVAILABILITY,origin.list,origin.list,2022-11-26 05:48:46.516773,798989aab7d85dce019f56d7
c.go-mpulse.net,AVAILABILITY,origin.list,origin.list,2022-11-26 05:48:48.335582,798989aab7d85dce019f56d7
js-at.goldbach.com,AVAILABILITY,origin.list,origin.list,2022-11-26 05:48:48.829212,798989aab7d85dce019f56d7
reed-cw.grapeshot.co.uk,AVAILABILITY,origin.list,origin.list,2022-11-26 05:48:52.920479,798989aab7d85dce019f56d7
adtools.gossipkings.com,AVAILABILITY,origin.list,origin.list,2022-11-26 05:48:52.932830,798989aab7d85dce019f56d7
googlus.com,AVAILABILITY,origin.list,origin.list,2022-11-26 05:48:52.796882,798989aab7d85dce019f56d7
grmtech.net,AVAILABILITY,origin.list,origin.list,2022-11-26 05:48:55.001820,798989aab7d85dce019f56d7
adserver2.goals365.com,AVAILABILITY,origin.list,origin.list,2022-11-26 05:48:56.692991,798989aab7d85dce019f56d7
de.grmtech.net,AVAILABILITY,origin.list,origin.list,2022-11-26 05:48:58.166491,798989aab7d85dce019f56d7
ads.gumgum.com,AVAILABILITY,origin.list,origin.list,2022-11-26 05:48:58.977339,798989aab7d85dce019f56d7
www.grmtech.net,AVAILABILITY,origin.list,origin.list,2022-11-26 05:48:59.273738,798989aab7d85dce019f56d7
c.gumgum.com,AVAILABILITY,origin.list,origin.list,2022-11-26 05:49:01.039749,798989aab7d85dce019f56d7
tags.h12-media.com,AVAILABILITY,origin.list,origin.list,2022-11-26 05:49:01.888932,798989aab7d85dce019f56d7
www.harmonyhollow.net,AVAILABILITY,origin.list,origin.list,2022-11-26 05:49:02.434457,798989aab7d85dce019f56d7
cdn.gumgum.com,AVAILABILITY,origin.list,origin.list,2022-11-26 05:49:03.336068,798989aab7d85dce019f56d7
beacon.gutefrage.net,AVAILABILITY,origin.list,origin.list,2022-11-26 05:49:04.097960,798989aab7d85dce019f56d7
ads.hearstmags.com,AVAILABILITY,origin.list,origin.list,2022-11-26 05:49:06.210056,798989aab7d85dce019f56d7
stats.berkman.harvard.edu,AVAILABILITY,origin.list,origin.list,2022-11-26 05:49:07.001348,798989aab7d85dce019f56d7
ads.haskovo.net,AVAILABILITY,origin.list,origin.list,2022-11-26 05:49:09.859473,798989aab7d85dce019f56d7
helpingtrk.com,AVAILABILITY,origin.list,origin.list,2022-11-26 05:49:10.571022,798989aab7d85dce019f56d7
ads2.helpos.com,AVAILABILITY,origin.list,origin.list,2022-11-26 05:49:13.801266,798989aab7d85dce019f56d7
ads.highdefdigest.com,AVAILABILITY,origin.list,origin.list,2022-11-26 05:49:17.010191,798989aab7d85dce019f56d7
utrack.hexun.com,AVAILABILITY,origin.list,origin.list,2022-11-26 05:49:18.501966,798989aab7d85dce019f56d7
ad0.haynet.com,AVAILABILITY,origin.list,origin.list,2022-11-26 05:49:18.850739,798989aab7d85dce019f56d7
ads.hexun.com,AVAILABILITY,origin.list,origin.list,2022-11-26 05:49:19.341506,798989aab7d85dce019f56d7
c.hit.ua,AVAILABILITY,origin.list,origin.list,2022-11-26 05:49:20.693322,798989aab7d85dce019f56d7
hit-now.com,AVAILABILITY,origin.list,origin.list,2022-11-26 05:49:21.318024,798989aab7d85dce019f56d7
hitslog.com,AVAILABILITY,origin.list,origin.list,2022-11-26 05:49:22.423520,798989aab7d85dce019f56d7
hitwebcounter.com,AVAILABILITY,origin.list,origin.list,2022-11-26 05:49:23.046377,798989aab7d85dce019f56d7
hxtrack.holidayextras.co.uk,AVAILABILITY,origin.list,origin.list,2022-11-26 05:49:24.508090,798989aab7d85dce019f56d7
hx.hexun.com,AVAILABILITY,origin.list,origin.list,2022-11-26 05:49:26.776401,798989aab7d85dce019f56d7
e1.static.hoptopboy.com,AVAILABILITY,origin.list,origin.list,2022-11-26 05:49:27.922982,798989aab7d85dce019f56d7
www.hotranks.com,AVAILABILITY,origin.list,origin.list,2022-11-26 05:49:30.177257,798989aab7d85dce019f56d7
hstpnetwork.com,AVAILABILITY,origin.list,origin.list,2022-11-26 05:49:31.019642,798989aab7d85dce019f56d7
js.hubspot.com,AVAILABILITY,origin.list,origin.list,2022-11-26 05:49:33.442067,798989aab7d85dce019f56d7
images.hitwise.co.uk,AVAILABILITY,origin.list,origin.list,2022-11-26 05:49:33.809459,798989aab7d85dce019f56d7
ads.hulu.com,AVAILABILITY,origin.list,origin.list,2022-11-26 05:49:34.608183,798989aab7d85dce019f56d7
ox.hoosiertimes.com,AVAILABILITY,origin.list,origin.list,2022-11-26 05:49:35.724563,798989aab7d85dce019f56d7
ads2000.hw.net,AVAILABILITY,origin.list,origin.list,2022-11-26 05:49:36.467628,798989aab7d85dce019f56d7
www.hypertracker.com,AVAILABILITY,origin.list,origin.list,2022-11-26 05:49:36.792412,798989aab7d85dce019f56d7
ad2.hotels.com,AVAILABILITY,origin.list,origin.list,2022-11-26 05:49:37.174761,798989aab7d85dce019f56d7
www.hxtrack.com,AVAILABILITY,origin.list,origin.list,2022-11-26 05:49:37.376737,798989aab7d85dce019f56d7
ev.ib-ibi.com,AVAILABILITY,origin.list,origin.list,2022-11-26 05:49:37.702067,798989aab7d85dce019f56d7
bbcdn-bbnaut.ibillboard.com,AVAILABILITY,origin.list,origin.list,2022-11-26 05:49:39.875217,798989aab7d85dce019f56d7
bbcdn-tag.ibillboard.com,AVAILABILITY,origin.list,origin.list,2022-11-26 05:49:40.234536,798989aab7d85dce019f56d7
stats.immense.net,AVAILABILITY,origin.list,origin.list,2022-11-26 05:49:42.574576,798989aab7d85dce019f56d7
ads.imeem.com,AVAILABILITY,origin.list,origin.list,2022-11-26 05:49:43.106872,798989aab7d85dce019f56d7
tracker.icerocket.com,AVAILABILITY,origin.list,origin.list,2022-11-26 05:49:48.897569,798989aab7d85dce019f56d7
hits.icdirect.com,AVAILABILITY,origin.list,origin.list,2022-11-26 05:49:50.372025,798989aab7d85dce019f56d7
secure-dcr.imrworldwide.com,AVAILABILITY,origin.list,origin.list,2022-11-26 05:49:50.805827,798989aab7d85dce019f56d7
ads.imarketservices.com,AVAILABILITY,origin.list,origin.list,2022-11-26 05:49:50.664382,798989aab7d85dce019f56d7
adbox.inbox-online.com,AVAILABILITY,origin.list,origin.list,2022-11-26 05:49:54.435511,798989aab7d85dce019f56d7
affiliate.imperiaonline.org,AVAILABILITY,origin.list,origin.list,2022-11-26 05:49:56.562755,798989aab7d85dce019f56d7
ads.imguol.com,AVAILABILITY,origin.list,origin.list,2022-11-26 05:49:57.040278,798989aab7d85dce019f56d7
aff.indirdik.com,AVAILABILITY,origin.list,origin.list,2022-11-26 05:49:57.330701,798989aab7d85dce019f56d7
ads.indexinfo.org,AVAILABILITY,origin.list,origin.list,2022-11-26 05:50:00.998585,798989aab7d85dce019f56d7
servedby.informatm.com,AVAILABILITY,origin.list,origin.list,2022-11-26 05:50:01.179824,798989aab7d85dce019f56d7
stats.infomedia.net,AVAILABILITY,origin.list,origin.list,2022-11-26 05:50:01.929622,798989aab7d85dce019f56d7
optimize.indieclick.com,AVAILABILITY,origin.list,origin.list,2022-11-26 05:50:04.089824,798989aab7d85dce019f56d7
x.imwx.com,AVAILABILITY,origin.list,origin.list,2022-11-26 05:50:04.380172,798989aab7d85dce019f56d7
avp.innity.com,AVAILABILITY,origin.list,origin.list,2022-11-26 05:50:06.366088,798989aab7d85dce019f56d7
cdn.interactivemedia.net,AVAILABILITY,origin.list,origin.list,2022-11-26 05:50:08.520813,798989aab7d85dce019f56d7
pl-engine.intextad.net,AVAILABILITY,origin.list,origin.list,2022-11-26 05:50:11.330884,798989aab7d85dce019f56d7
slo-engine.intextad.net,AVAILABILITY,origin.list,origin.list,2022-11-26 05:50:13.786229,798989aab7d85dce019f56d7
rs.instantservice.com,AVAILABILITY,origin.list,origin.list,2022-11-26 05:50:14.472036,798989aab7d85dce019f56d7
ads.inviziads.com,AVAILABILITY,origin.list,origin.list,2022-11-26 05:50:15.177624,798989aab7d85dce019f56d7
api.ipinfodb.com,AVAILABILITY,origin.list,origin.list,2022-11-26 05:50:17.949216,798989aab7d85dce019f56d7
content.integral-marketing.com,AVAILABILITY,origin.list,origin.list,2022-11-26 05:50:20.571479,798989aab7d85dce019f56d7
intermediads.com,AVAILABILITY,origin.list,origin.list,2022-11-26 05:50:21.030827,798989aab7d85dce019f56d7
adserver.iprom.net,AVAILABILITY,origin.list,origin.list,2022-11-26 05:50:21.944362,798989aab7d85dce019f56d7
central.iprom.net,AVAILABILITY,origin.list,origin.list,2022-11-26 05:50:23.904810,798989aab7d85dce019f56d7
ipromsi.iprom.net,AVAILABILITY,origin.list,origin.list,2022-11-26 05:50:24.148624,798989aab7d85dce019f56d7
krater.iprom.net,AVAILABILITY,origin.list,origin.list,2022-11-26 05:50:24.846895,798989aab7d85dce019f56d7
ads.isoftmarketing.com,AVAILABILITY,origin.list,origin.list,2022-11-26 05:50:25.578748,798989aab7d85dce019f56d7
s1.inviziads.com,AVAILABILITY,origin.list,origin.list,2022-11-26 05:50:26.114641,798989aab7d85dce019f56d7
ads.ipowerweb.com,AVAILABILITY,origin.list,origin.list,2022-11-26 05:50:26.771374,798989aab7d85dce019f56d7
tie.iprom.net,AVAILABILITY,origin.list,origin.list,2022-11-26 05:50:28.008964,798989aab7d85dce019f56d7
isralink.net,AVAILABILITY,origin.list,origin.list,2022-11-26 05:50:28.239469,798989aab7d85dce019f56d7
itcompany.com,AVAILABILITY,origin.list,origin.list,2022-11-26 05:50:30.234449,798989aab7d85dce019f56d7
stat.it168.com,AVAILABILITY,origin.list,origin.list,2022-11-26 05:50:30.628112,798989aab7d85dce019f56d7
www.itcompany.com,AVAILABILITY,origin.list,origin.list,2022-11-26 05:50:33.020007,798989aab7d85dce019f56d7
stats.itweb.co.za,AVAILABILITY,origin.list,origin.list,2022-11-26 05:50:33.038469,798989aab7d85dce019f56d7
adshow.it168.com,AVAILABILITY,origin.list,origin.list,2022-11-26 05:50:33.661878,798989aab7d85dce019f56d7
link.ixs1.net,AVAILABILITY,origin.list,origin.list,2022-11-26 05:50:35.224089,798989aab7d85dce019f56d7
adserver.janesguide.com,AVAILABILITY,origin.list,origin.list,2022-11-26 05:50:35.783885,798989aab7d85dce019f56d7
banman.isoftmarketing.com,AVAILABILITY,origin.list,origin.list,2022-11-26 05:50:37.959640,798989aab7d85dce019f56d7
ts.istrack.com,AVAILABILITY,origin.list,origin.list,2022-11-26 05:50:38.206860,798989aab7d85dce019f56d7
pagerank.jklir.net,AVAILABILITY,origin.list,origin.list,2022-11-26 05:50:38.481764,798989aab7d85dce019f56d7
site.johnlewis.com,AVAILABILITY,origin.list,origin.list,2022-11-26 05:50:40.799038,798989aab7d85dce019f56d7
www.jscount.com,AVAILABILITY,origin.list,origin.list,2022-11-26 05:50:40.966572,798989aab7d85dce019f56d7
ads.joemonster.org,AVAILABILITY,origin.list,origin.list,2022-11-26 05:50:41.762922,798989aab7d85dce019f56d7
jsonip.com,AVAILABILITY,origin.list,origin.list,2022-11-26 05:50:42.744534,798989aab7d85dce019f56d7
ck.juicyads.com,AVAILABILITY,origin.list,origin.list,2022-11-26 05:50:43.187213,798989aab7d85dce019f56d7
js.juicyads.com,AVAILABILITY,origin.list,origin.list,2022-11-26 05:50:44.732073,798989aab7d85dce019f56d7
tracking.justpremium.com,AVAILABILITY,origin.list,origin.list,2022-11-26 05:50:44.964376,798989aab7d85dce019f56d7
nl.ads.justpremium.com,AVAILABILITY,origin.list,origin.list,2022-11-26 05:50:45.054343,798989aab7d85dce019f56d7
ad.janalta.com,AVAILABILITY,origin.list,origin.list,2022-11-26 05:50:45.091196,798989aab7d85dce019f56d7
ads.jewcy.com,AVAILABILITY,origin.list,origin.list,2022-11-26 05:50:46.886676,798989aab7d85dce019f56d7
ads.justrelevant.com,AVAILABILITY,origin.list,origin.list,2022-11-26 05:50:47.086655,798989aab7d85dce019f56d7
events.kalooga.com,AVAILABILITY,origin.list,origin.list,2022-11-26 05:50:47.254039,798989aab7d85dce019f56d7
ads.kaldata.com,AVAILABILITY,origin.list,origin.list,2022-11-26 05:50:48.119224,798989aab7d85dce019f56d7
stats.kaltura.com,AVAILABILITY,origin.list,origin.list,2022-11-26 05:50:48.750665,798989aab7d85dce019f56d7
a.kickassunblock.net,AVAILABILITY,origin.list,origin.list,2022-11-26 05:50:48.815187,798989aab7d85dce019f56d7
banner.kiev.ua,AVAILABILITY,origin.list,origin.list,2022-11-26 05:50:50.388606,798989aab7d85dce019f56d7
adserve.kikizo.com,AVAILABILITY,origin.list,origin.list,2022-11-26 05:50:50.248058,798989aab7d85dce019f56d7
beacon.krxd.net,AVAILABILITY,origin.list,origin.list,2022-11-26 05:50:51.283329,798989aab7d85dce019f56d7
layer-ad.org,AVAILABILITY,origin.list,origin.list,2022-11-26 05:50:51.920526,798989aab7d85dce019f56d7
adsby.klikki.com,AVAILABILITY,origin.list,origin.list,2022-11-26 05:50:52.229113,798989aab7d85dce019f56d7
ads.layer-ad.org,AVAILABILITY,origin.list,origin.list,2022-11-26 05:50:53.385426,798989aab7d85dce019f56d7
lead-123.com,AVAILABILITY,origin.list,origin.list,2022-11-26 05:50:53.639573,798989aab7d85dce019f56d7
tracking.lengow.com,AVAILABILITY,origin.list,origin.list,2022-11-26 05:50:56.095269,798989aab7d85dce019f56d7
k5zoom.com,AVAILABILITY,origin.list,origin.list,2022-11-26 05:50:56.419208,798989aab7d85dce019f56d7
secure.leadforensics.com,AVAILABILITY,origin.list,origin.list,2022-11-26 05:50:57.600826,798989aab7d85dce019f56d7
res.levexis.com,AVAILABILITY,origin.list,origin.list,2022-11-26 05:50:58.663897,798989aab7d85dce019f56d7
pfa.levexis.com,AVAILABILITY,origin.list,origin.list,2022-11-26 05:50:58.742532,798989aab7d85dce019f56d7
vlog.leadformix.com,AVAILABILITY,origin.list,origin.list,2022-11-26 05:50:58.776765,798989aab7d85dce019f56d7
ads.lfstmedia.com,AVAILABILITY,origin.list,origin.list,2022-11-26 05:51:00.486786,798989aab7d85dce019f56d7
visitors.lexus-europe.com,AVAILABILITY,origin.list,origin.list,2022-11-26 05:51:01.040695,798989aab7d85dce019f56d7
images.kolmic.com,AVAILABILITY,origin.list,origin.list,2022-11-26 05:51:01.150890,798989aab7d85dce019f56d7
lib4.libstat.com,AVAILABILITY,origin.list,origin.list,2022-11-26 05:51:02.279700,798989aab7d85dce019f56d7
lib6.libstat.com,AVAILABILITY,origin.list,origin.list,2022-11-26 05:51:02.299320,798989aab7d85dce019f56d7
logos.libstat.com,AVAILABILITY,origin.list,origin.list,2022-11-26 05:51:04.033464,798989aab7d85dce019f56d7
d.ligatus.com,AVAILABILITY,origin.list,origin.list,2022-11-26 05:51:05.257555,798989aab7d85dce019f56d7
www.lifeforminc.com,AVAILABILITY,origin.list,origin.list,2022-11-26 05:51:05.276863,798989aab7d85dce019f56d7
px.ads.linkedin.com,AVAILABILITY,origin.list,origin.list,2022-11-26 05:51:08.442728,798989aab7d85dce019f56d7
www.linkconnector.com,AVAILABILITY,origin.list,origin.list,2022-11-26 05:51:08.767292,798989aab7d85dce019f56d7
track.linkoffers.net,AVAILABILITY,origin.list,origin.list,2022-11-26 05:51:12.265815,798989aab7d85dce019f56d7
banners.linkbuddies.com,AVAILABILITY,origin.list,origin.list,2022-11-26 05:51:13.761493,798989aab7d85dce019f56d7
linkbuddies.com,AVAILABILITY,origin.list,origin.list,2022-11-26 05:51:14.126083,798989aab7d85dce019f56d7
ad.linkstorms.com,AVAILABILITY,origin.list,origin.list,2022-11-26 05:51:15.155579,798989aab7d85dce019f56d7
www.linkworth.com,AVAILABILITY,origin.list,origin.list,2022-11-26 05:51:16.774447,798989aab7d85dce019f56d7
ads.listingware.com,AVAILABILITY,origin.list,origin.list,2022-11-26 05:51:17.234988,798989aab7d85dce019f56d7
www.linkbuddies.com,AVAILABILITY,origin.list,origin.list,2022-11-26 05:51:17.362845,798989aab7d85dce019f56d7
s1.listrakbi.com,AVAILABILITY,origin.list,origin.list,2022-11-26 05:51:17.934466,798989aab7d85dce019f56d7
content.linkoffers.net,AVAILABILITY,origin.list,origin.list,2022-11-26 05:51:21.048107,798989aab7d85dce019f56d7
counter2.blog.livedoor.com,AVAILABILITY,origin.list,origin.list,2022-11-26 05:51:21.917524,798989aab7d85dce019f56d7
js.livehelper.com,AVAILABILITY,origin.list,origin.list,2022-11-26 05:51:22.361074,798989aab7d85dce019f56d7
newbrowse.livehelper.com,AVAILABILITY,origin.list,origin.list,2022-11-26 05:51:25.747664,798989aab7d85dce019f56d7
image.adv.livedoor.com,AVAILABILITY,origin.list,origin.list,2022-11-26 05:51:25.757876,798989aab7d85dce019f56d7
stats.livingsocial.com,AVAILABILITY,origin.list,origin.list,2022-11-26 05:51:29.145575,798989aab7d85dce019f56d7
pixels.livingsocial.com,AVAILABILITY,origin.list,origin.list,2022-11-26 05:51:29.326655,798989aab7d85dce019f56d7
a.livesportmedia.eu,AVAILABILITY,origin.list,origin.list,2022-11-26 05:51:29.540176,798989aab7d85dce019f56d7
advert.livesportmedia.eu,AVAILABILITY,origin.list,origin.list,2022-11-26 05:51:30.365787,798989aab7d85dce019f56d7
click.adv.livedoor.com,AVAILABILITY,origin.list,origin.list,2022-11-26 05:51:31.377121,798989aab7d85dce019f56d7
ad.lkqd.net,AVAILABILITY,origin.list,origin.list,2022-11-26 05:51:31.611347,798989aab7d85dce019f56d7
omnituretrack.local.com,AVAILABILITY,origin.list,origin.list,2022-11-26 05:51:32.404546,798989aab7d85dce019f56d7
r.looksmart.com,AVAILABILITY,origin.list,origin.list,2022-11-26 05:51:32.871731,798989aab7d85dce019f56d7
ad.m5prod.net,AVAILABILITY,origin.list,origin.list,2022-11-26 05:51:33.274147,798989aab7d85dce019f56d7
www3.macys.com,AVAILABILITY,origin.list,origin.list,2022-11-26 05:51:33.727239,798989aab7d85dce019f56d7
banners.lottoelite.com,AVAILABILITY,origin.list,origin.list,2022-11-26 05:51:33.789460,798989aab7d85dce019f56d7
eu2.madsone.com,AVAILABILITY,origin.list,origin.list,2022-11-26 05:51:34.413237,798989aab7d85dce019f56d7
anapixel.marca.com,AVAILABILITY,origin.list,origin.list,2022-11-26 05:51:35.376879,798989aab7d85dce019f56d7
ads.maleflixxx.tv,AVAILABILITY,origin.list,origin.list,2022-11-26 05:51:35.490764,798989aab7d85dce019f56d7
pixelcounter.marca.com,AVAILABILITY,origin.list,origin.list,2022-11-26 05:51:35.550023,798989aab7d85dce019f56d7
www.mainadv.com,AVAILABILITY,origin.list,origin.list,2022-11-26 05:51:35.487014,798989aab7d85dce019f56d7
adv.mangoadv.com,AVAILABILITY,origin.list,origin.list,2022-11-26 05:51:36.406057,798989aab7d85dce019f56d7
pro.marinsm.com,AVAILABILITY,origin.list,origin.list,2022-11-26 05:51:37.425295,798989aab7d85dce019f56d7
t3.marinsm.com,AVAILABILITY,origin.list,origin.list,2022-11-26 05:51:37.586386,798989aab7d85dce019f56d7
mass-traffic.com,AVAILABILITY,origin.list,origin.list,2022-11-26 05:51:37.605844,798989aab7d85dce019f56d7
tag.marinsm.com,AVAILABILITY,origin.list,origin.list,2022-11-26 05:51:37.812072,798989aab7d85dce019f56d7
ads.affiliates.match.com,AVAILABILITY,origin.list,origin.list,2022-11-26 05:51:38.648237,798989aab7d85dce019f56d7
pixel.mathtag.com,AVAILABILITY,origin.list,origin.list,2022-11-26 05:51:39.894805,798989aab7d85dce019f56d7
tags.mathtag.com,AVAILABILITY,origin.list,origin.list,2022-11-26 05:51:40.513299,798989aab7d85dce019f56d7
sync.mathtag.com,AVAILABILITY,origin.list,origin.list,2022-11-26 05:51:42.015051,798989aab7d85dce019f56d7
idpix.media6degrees.com,AVAILABILITY,origin.list,origin.list,2022-11-26 05:51:48.382167,798989aab7d85dce019f56d7
ads.mcafee.com,AVAILABILITY,origin.list,origin.list,2022-11-26 05:51:50.377249,798989aab7d85dce019f56d7
webtrekk.mediaset.net,AVAILABILITY,origin.list,origin.list,2022-11-26 05:51:51.328864,798989aab7d85dce019f56d7
directads.mcafee.com,AVAILABILITY,origin.list,origin.list,2022-11-26 05:51:51.816470,798989aab7d85dce019f56d7
search.mediatarget.com,AVAILABILITY,origin.list,origin.list,2022-11-26 05:51:52.457995,798989aab7d85dce019f56d7
piwik.medienhaus.com,AVAILABILITY,origin.list,origin.list,2022-11-26 05:51:53.277915,798989aab7d85dce019f56d7
banners.mellowads.com,AVAILABILITY,origin.list,origin.list,2022-11-26 05:51:54.099033,798989aab7d85dce019f56d7
mbn.com.ua,AVAILABILITY,origin.list,origin.list,2022-11-26 05:51:56.106096,798989aab7d85dce019f56d7
app.medyanetads.com,AVAILABILITY,origin.list,origin.list,2022-11-26 05:51:57.073655,798989aab7d85dce019f56d7
www.metavertising.com,AVAILABILITY,origin.list,origin.list,2022-11-26 05:51:57.112203,798989aab7d85dce019f56d7
action.metaffiliation.com,AVAILABILITY,origin.list,origin.list,2022-11-26 05:51:59.298739,798989aab7d85dce019f56d7
counter.mirohost.net,AVAILABILITY,origin.list,origin.list,2022-11-26 05:51:59.763091,798989aab7d85dce019f56d7
mixmarket.biz,AVAILABILITY,origin.list,origin.list,2022-11-26 05:51:59.484651,798989aab7d85dce019f56d7
ads.miarroba.com,AVAILABILITY,origin.list,origin.list,2022-11-26 05:51:59.976370,798989aab7d85dce019f56d7
www.mmaaxx.com,AVAILABILITY,origin.list,origin.list,2022-11-26 05:52:01.940631,798989aab7d85dce019f56d7
www.mktrack.com,AVAILABILITY,origin.list,origin.list,2022-11-26 05:52:02.199322,798989aab7d85dce019f56d7
gj.mmstat.com,AVAILABILITY,origin.list,origin.list,2022-11-26 05:52:02.512540,798989aab7d85dce019f56d7
mmptrack.com,AVAILABILITY,origin.list,origin.list,2022-11-26 05:52:02.992782,798989aab7d85dce019f56d7
a.mobify.com,AVAILABILITY,origin.list,origin.list,2022-11-26 05:52:05.019302,798989aab7d85dce019f56d7
px.moatads.com,AVAILABILITY,origin.list,origin.list,2022-11-26 05:52:05.409777,798989aab7d85dce019f56d7
ads.monetize-me.com,AVAILABILITY,origin.list,origin.list,2022-11-26 05:52:07.242289,798989aab7d85dce019f56d7
mola77.mobilenobo.com,AVAILABILITY,origin.list,origin.list,2022-11-26 05:52:07.388719,798989aab7d85dce019f56d7
pubs.mgn.net,AVAILABILITY,origin.list,origin.list,2022-11-26 05:52:09.528526,798989aab7d85dce019f56d7
www.mongoosemetrics.com,AVAILABILITY,origin.list,origin.list,2022-11-26 05:52:10.283025,798989aab7d85dce019f56d7
mein.monster.de,AVAILABILITY,origin.list,origin.list,2022-11-26 05:52:10.566998,798989aab7d85dce019f56d7
ib.mookie1.com,AVAILABILITY,origin.list,origin.list,2022-11-26 05:52:11.208706,798989aab7d85dce019f56d7
www.mycpvlife.com,AVAILABILITY,origin.list,origin.list,2022-11-26 05:52:13.078106,798989aab7d85dce019f56d7
msgtag.com,AVAILABILITY,origin.list,origin.list,2022-11-26 05:52:12.931201,798989aab7d85dce019f56d7
www1.mpnrs.com,AVAILABILITY,origin.list,origin.list,2022-11-26 05:52:13.442039,798989aab7d85dce019f56d7
ads.mobilemarketer.com,AVAILABILITY,origin.list,origin.list,2022-11-26 05:52:14.630435,798989aab7d85dce019f56d7
ads.mnemosoft.com,AVAILABILITY,origin.list,origin.list,2022-11-26 05:52:14.942761,798989aab7d85dce019f56d7
get.mycounter.ua,AVAILABILITY,origin.list,origin.list,2022-11-26 05:52:15.289677,798989aab7d85dce019f56d7
get.mycounter.com.ua,AVAILABILITY,origin.list,origin.list,2022-11-26 05:52:16.050990,798989aab7d85dce019f56d7
mydati.com,AVAILABILITY,origin.list,origin.list,2022-11-26 05:52:16.453492,798989aab7d85dce019f56d7
www.mylottoadserv.com,AVAILABILITY,origin.list,origin.list,2022-11-26 05:52:16.654130,798989aab7d85dce019f56d7
scripts.mycounter.ua,AVAILABILITY,origin.list,origin.list,2022-11-26 05:52:17.448867,798989aab7d85dce019f56d7
www3.nationalgeographic.com,AVAILABILITY,origin.list,origin.list,2022-11-26 05:52:18.101200,798989aab7d85dce019f56d7
labs.natpal.com,AVAILABILITY,origin.list,origin.list,2022-11-26 05:52:18.734018,798989aab7d85dce019f56d7
scripts.mycounter.com.ua,AVAILABILITY,origin.list,origin.list,2022-11-26 05:52:19.435103,798989aab7d85dce019f56d7
ndparking.com,AVAILABILITY,origin.list,origin.list,2022-11-26 05:52:20.882746,798989aab7d85dce019f56d7
www.ndparking.com,AVAILABILITY,origin.list,origin.list,2022-11-26 05:52:21.795287,798989aab7d85dce019f56d7
adlev.neodatagroup.com,AVAILABILITY,origin.list,origin.list,2022-11-26 05:52:22.279104,798989aab7d85dce019f56d7
ads2.net-communities.co.uk,AVAILABILITY,origin.list,origin.list,2022-11-26 05:52:23.715317,798989aab7d85dce019f56d7
netclickstats.com,AVAILABILITY,origin.list,origin.list,2022-11-26 05:52:24.365809,798989aab7d85dce019f56d7
hits.netgeography.net,AVAILABILITY,origin.list,origin.list,2022-11-26 05:52:25.898477,798989aab7d85dce019f56d7
nl-moneyou.netmining.com,AVAILABILITY,origin.list,origin.list,2022-11-26 05:52:28.908835,798989aab7d85dce019f56d7
ads.nationchannel.com,AVAILABILITY,origin.list,origin.list,2022-11-26 05:52:28.916630,798989aab7d85dce019f56d7
xml.nbcsearch.com,AVAILABILITY,origin.list,origin.list,2022-11-26 05:52:29.744329,798989aab7d85dce019f56d7
xml2.nbcsearch.com,AVAILABILITY,origin.list,origin.list,2022-11-26 05:52:30.421636,798989aab7d85dce019f56d7
nl-saab.netmining.com,AVAILABILITY,origin.list,origin.list,2022-11-26 05:52:33.457902,798989aab7d85dce019f56d7
com-quidco.netmng.com,AVAILABILITY,origin.list,origin.list,2022-11-26 05:52:34.094221,798989aab7d85dce019f56d7
bkrntr.netmng.com,AVAILABILITY,origin.list,origin.list,2022-11-26 05:52:35.252492,798989aab7d85dce019f56d7
nan.netmng.com,AVAILABILITY,origin.list,origin.list,2022-11-26 05:52:35.270922,798989aab7d85dce019f56d7
ad.netgoo.com,AVAILABILITY,origin.list,origin.list,2022-11-26 05:52:37.122819,798989aab7d85dce019f56d7
www.netmaxx.com,AVAILABILITY,origin.list,origin.list,2022-11-26 05:52:38.241336,798989aab7d85dce019f56d7
rbk.netmng.com,AVAILABILITY,origin.list,origin.list,2022-11-26 05:52:38.653839,798989aab7d85dce019f56d7
www.newclick.com,AVAILABILITY,origin.list,origin.list,2022-11-26 05:52:39.282106,798989aab7d85dce019f56d7
cl.netseer.com,AVAILABILITY,origin.list,origin.list,2022-11-26 05:52:39.199244,798989aab7d85dce019f56d7
evbeacon.networksolutions.com,AVAILABILITY,origin.list,origin.list,2022-11-26 05:52:39.746134,798989aab7d85dce019f56d7
ngacm.com,AVAILABILITY,origin.list,origin.list,2022-11-26 05:52:43.516856,798989aab7d85dce019f56d7
ngastatic.com,AVAILABILITY,origin.list,origin.list,2022-11-26 05:52:44.671240,798989aab7d85dce019f56d7
bam.nr-data.net,AVAILABILITY,origin.list,origin.list,2022-11-26 05:52:45.480476,798989aab7d85dce019f56d7
ntlligent.info,AVAILABILITY,origin.list,origin.list,2022-11-26 05:52:47.932114,798989aab7d85dce019f56d7
ad.ntvmsnbc.com,AVAILABILITY,origin.list,origin.list,2022-11-26 05:52:48.329455,798989aab7d85dce019f56d7
ads.newsint.co.uk,AVAILABILITY,origin.list,origin.list,2022-11-26 05:52:49.532310,798989aab7d85dce019f56d7
nxtck.com,AVAILABILITY,origin.list,origin.list,2022-11-26 05:52:51.512519,798989aab7d85dce019f56d7
ads.nordichardware.com,AVAILABILITY,origin.list,origin.list,2022-11-26 05:52:52.173584,798989aab7d85dce019f56d7
vte.nexteramedia.com,AVAILABILITY,origin.list,origin.list,2022-11-26 05:52:52.377034,798989aab7d85dce019f56d7
ntweb.org,AVAILABILITY,origin.list,origin.list,2022-11-26 05:52:52.447060,798989aab7d85dce019f56d7
p.nxtck.com,AVAILABILITY,origin.list,origin.list,2022-11-26 05:52:53.256546,798989aab7d85dce019f56d7
ads.olx.com,AVAILABILITY,origin.list,origin.list,2022-11-26 05:52:56.636506,798989aab7d85dce019f56d7
track.omguk.com,AVAILABILITY,origin.list,origin.list,2022-11-26 05:52:58.665344,798989aab7d85dce019f56d7
www.on2url.com,AVAILABILITY,origin.list,origin.list,2022-11-26 05:53:00.082266,798989aab7d85dce019f56d7
logo.onlinewebstat.com,AVAILABILITY,origin.list,origin.list,2022-11-26 05:53:01.778246,798989aab7d85dce019f56d7
ads.nyi.net,AVAILABILITY,origin.list,origin.list,2022-11-26 05:53:02.806580,798989aab7d85dce019f56d7
tracking.onefeed.co.uk,AVAILABILITY,origin.list,origin.list,2022-11-26 05:53:03.075743,798989aab7d85dce019f56d7
ads.ogdenpubs.com,AVAILABILITY,origin.list,origin.list,2022-11-26 05:53:06.069493,798989aab7d85dce019f56d7
stat.onestat.com,AVAILABILITY,origin.list,origin.list,2022-11-26 05:53:06.849254,798989aab7d85dce019f56d7
aa.online-metrix.net,AVAILABILITY,origin.list,origin.list,2022-11-26 05:53:08.307403,798989aab7d85dce019f56d7
404.online.net,AVAILABILITY,origin.list,origin.list,2022-11-26 05:53:08.921616,798989aab7d85dce019f56d7
ads.oneplace.com,AVAILABILITY,origin.list,origin.list,2022-11-26 05:53:12.252776,798989aab7d85dce019f56d7
h.online-metrix.net,AVAILABILITY,origin.list,origin.list,2022-11-26 05:53:12.535452,798989aab7d85dce019f56d7
sayac.onlinewebstats.com,AVAILABILITY,origin.list,origin.list,2022-11-26 05:53:13.879575,798989aab7d85dce019f56d7
invitation.opinionbar.com,AVAILABILITY,origin.list,origin.list,2022-11-26 05:53:17.272392,798989aab7d85dce019f56d7
openstat.net,AVAILABILITY,origin.list,origin.list,2022-11-26 05:53:17.534754,798989aab7d85dce019f56d7
lifemediahouse1.onlinewelten.com,AVAILABILITY,origin.list,origin.list,2022-11-26 05:53:17.873749,798989aab7d85dce019f56d7
www.onestat.com,AVAILABILITY,origin.list,origin.list,2022-11-26 05:53:18.200935,798989aab7d85dce019f56d7
www.onestatfree.com,AVAILABILITY,origin.list,origin.list,2022-11-26 05:53:20.054432,798989aab7d85dce019f56d7
es.optimost.com,AVAILABILITY,origin.list,origin.list,2022-11-26 05:53:20.715928,798989aab7d85dce019f56d7
www.oreware.com,AVAILABILITY,origin.list,origin.list,2022-11-26 05:53:21.959068,798989aab7d85dce019f56d7
parkingcrew.net,AVAILABILITY,origin.list,origin.list,2022-11-26 05:53:25.862610,798989aab7d85dce019f56d7
www.pagerank10.co.uk,AVAILABILITY,origin.list,origin.list,2022-11-26 05:53:26.804191,798989aab7d85dce019f56d7
www.parkingcrew.net,AVAILABILITY,origin.list,origin.list,2022-11-26 05:53:27.122560,798989aab7d85dce019f56d7
ad1.pamedia.com.au,AVAILABILITY,origin.list,origin.list,2022-11-26 05:53:29.869421,798989aab7d85dce019f56d7
paidstats.com,AVAILABILITY,origin.list,origin.list,2022-11-26 05:53:31.208907,798989aab7d85dce019f56d7
pub.oxado.com,AVAILABILITY,origin.list,origin.list,2022-11-26 05:53:34.361123,798989aab7d85dce019f56d7
www.partner-ads.com,AVAILABILITY,origin.list,origin.list,2022-11-26 05:53:36.080538,798989aab7d85dce019f56d7
otracking.com,AVAILABILITY,origin.list,origin.list,2022-11-26 05:53:36.819354,798989aab7d85dce019f56d7
pcmightymax.net,AVAILABILITY,origin.list,origin.list,2022-11-26 05:53:38.921743,798989aab7d85dce019f56d7
www.pcmightymax.net,AVAILABILITY,origin.list,origin.list,2022-11-26 05:53:40.745738,798989aab7d85dce019f56d7
img.parked.ru,AVAILABILITY,origin.list,origin.list,2022-11-26 05:53:42.685661,798989aab7d85dce019f56d7
park.parkingpanel.com,AVAILABILITY,origin.list,origin.list,2022-11-26 05:53:45.209437,798989aab7d85dce019f56d7
catrg.peer39.net,AVAILABILITY,origin.list,origin.list,2022-11-26 05:53:45.872888,798989aab7d85dce019f56d7
pt.peerius.com,AVAILABILITY,origin.list,origin.list,2022-11-26 05:53:47.132897,798989aab7d85dce019f56d7
tag.perfectaudience.com,AVAILABILITY,origin.list,origin.list,2022-11-26 05:53:48.930089,798989aab7d85dce019f56d7
pixel.pcworld.com,AVAILABILITY,origin.list,origin.list,2022-11-26 05:53:51.261024,798989aab7d85dce019f56d7
stat.pchome.net,AVAILABILITY,origin.list,origin.list,2022-11-26 05:53:54.928094,798989aab7d85dce019f56d7
b1.perfb.com,AVAILABILITY,origin.list,origin.list,2022-11-26 05:54:00.156829,798989aab7d85dce019f56d7
ads.periodistadigital.com,AVAILABILITY,origin.list,origin.list,2022-11-26 05:54:00.470025,798989aab7d85dce019f56d7
banners.perfectgonzo.com,AVAILABILITY,origin.list,origin.list,2022-11-26 05:54:00.685443,798989aab7d85dce019f56d7
errors.perfectgonzo.com,AVAILABILITY,origin.list,origin.list,2022-11-26 05:54:02.852579,798989aab7d85dce019f56d7
pub.pgssl.com,AVAILABILITY,origin.list,origin.list,2022-11-26 05:54:03.776828,798989aab7d85dce019f56d7
ads.persgroep.net,AVAILABILITY,origin.list,origin.list,2022-11-26 05:54:04.715916,798989aab7d85dce019f56d7
pgssl.com,AVAILABILITY,origin.list,origin.list,2022-11-26 05:54:05.224068,798989aab7d85dce019f56d7
count.pcpop.com,AVAILABILITY,origin.list,origin.list,2022-11-26 05:54:05.996327,798989aab7d85dce019f56d7
ads.phillipsdata.us,AVAILABILITY,origin.list,origin.list,2022-11-26 05:54:09.047466,798989aab7d85dce019f56d7
pharmacyrxone.com,AVAILABILITY,origin.list,origin.list,2022-11-26 05:54:09.084598,798989aab7d85dce019f56d7
rum-collector.pingdom.net,AVAILABILITY,origin.list,origin.list,2022-11-26 05:54:10.585414,798989aab7d85dce019f56d7
rum-static.pingdom.net,AVAILABILITY,origin.list,origin.list,2022-11-26 05:54:10.758690,798989aab7d85dce019f56d7
ads.pinger.com,AVAILABILITY,origin.list,origin.list,2022-11-26 05:54:11.747216,798989aab7d85dce019f56d7
ads.pimdesign.org,AVAILABILITY,origin.list,origin.list,2022-11-26 05:54:12.634667,798989aab7d85dce019f56d7
www.pixazza.com,AVAILABILITY,origin.list,origin.list,2022-11-26 05:54:12.817904,798989aab7d85dce019f56d7
banner.play-asia.com,AVAILABILITY,origin.list,origin.list,2022-11-26 05:54:13.763695,798989aab7d85dce019f56d7
pu.plugrush.com,AVAILABILITY,origin.list,origin.list,2022-11-26 05:54:15.229656,798989aab7d85dce019f56d7
webstats.plus.net,AVAILABILITY,origin.list,origin.list,2022-11-26 05:54:16.368977,798989aab7d85dce019f56d7
ads.po-zdravidnes.com,AVAILABILITY,origin.list,origin.list,2022-11-26 05:54:17.680585,798989aab7d85dce019f56d7
adserve.podaddies.com,AVAILABILITY,origin.list,origin.list,2022-11-26 05:54:18.931951,798989aab7d85dce019f56d7
piwik.pokerlistings.com,AVAILABILITY,origin.list,origin.list,2022-11-26 05:54:19.087066,798989aab7d85dce019f56d7
c2.popads.net,AVAILABILITY,origin.list,origin.list,2022-11-26 05:54:21.544153,798989aab7d85dce019f56d7
c1.popads.net,AVAILABILITY,origin.list,origin.list,2022-11-26 05:54:22.321071,798989aab7d85dce019f56d7
out.popads.net,AVAILABILITY,origin.list,origin.list,2022-11-26 05:54:22.980905,798989aab7d85dce019f56d7
serve.popads.net,AVAILABILITY,origin.list,origin.list,2022-11-26 05:54:25.009985,798989aab7d85dce019f56d7
world.popadscdn.net,AVAILABILITY,origin.list,origin.list,2022-11-26 05:54:27.466565,798989aab7d85dce019f56d7
popcounter.com,AVAILABILITY,origin.list,origin.list,2022-11-26 05:54:28.122941,798989aab7d85dce019f56d7
www1.pollg.com,AVAILABILITY,origin.list,origin.list,2022-11-26 05:54:28.979653,798989aab7d85dce019f56d7
www.pollmonkey.com,AVAILABILITY,origin.list,origin.list,2022-11-26 05:54:29.572642,798989aab7d85dce019f56d7
ht.pornhub.com,AVAILABILITY,origin.list,origin.list,2022-11-26 05:54:30.557058,798989aab7d85dce019f56d7
porntraff.com,AVAILABILITY,origin.list,origin.list,2022-11-26 05:54:31.780516,798989aab7d85dce019f56d7
www.predictad.com,AVAILABILITY,origin.list,origin.list,2022-11-26 05:54:32.969147,798989aab7d85dce019f56d7
top.proext.com,AVAILABILITY,origin.list,origin.list,2022-11-26 05:54:35.456654,798989aab7d85dce019f56d7
chezh1.popmarker.com,AVAILABILITY,origin.list,origin.list,2022-11-26 05:54:40.020886,798989aab7d85dce019f56d7
track.promptfile.com,AVAILABILITY,origin.list,origin.list,2022-11-26 05:54:40.621017,798989aab7d85dce019f56d7
prstats.postrelease.com,AVAILABILITY,origin.list,origin.list,2022-11-26 05:54:42.678612,798989aab7d85dce019f56d7
ads.prisacom.com,AVAILABILITY,origin.list,origin.list,2022-11-26 05:54:43.029866,798989aab7d85dce019f56d7
ads.prospect.org,AVAILABILITY,origin.list,origin.list,2022-11-26 05:54:43.610112,798989aab7d85dce019f56d7
tr.prospecteye.com,AVAILABILITY,origin.list,origin.list,2022-11-26 05:54:44.888998,798989aab7d85dce019f56d7
www.promobenef.com,AVAILABILITY,origin.list,origin.list,2022-11-26 05:54:46.455857,798989aab7d85dce019f56d7
www.profitzone.com,AVAILABILITY,origin.list,origin.list,2022-11-26 05:54:48.439052,798989aab7d85dce019f56d7
servedby.proxena-adserver.com,AVAILABILITY,origin.list,origin.list,2022-11-26 05:54:48.610004,798989aab7d85dce019f56d7
www.promo.com.au,AVAILABILITY,origin.list,origin.list,2022-11-26 05:54:49.064486,798989aab7d85dce019f56d7
sdc.prudential.com,AVAILABILITY,origin.list,origin.list,2022-11-26 05:54:50.875655,798989aab7d85dce019f56d7
static.pubdirecte.com,AVAILABILITY,origin.list,origin.list,2022-11-26 05:54:50.997872,798989aab7d85dce019f56d7
ads.pubmatic.com,AVAILABILITY,origin.list,origin.list,2022-11-26 05:54:52.384682,798989aab7d85dce019f56d7
tracking.publicidees.com,AVAILABILITY,origin.list,origin.list,2022-11-26 05:54:53.825171,798989aab7d85dce019f56d7
haso.pubmatic.com,AVAILABILITY,origin.list,origin.list,2022-11-26 05:54:54.185016,798989aab7d85dce019f56d7
www.pubdirecte.com,AVAILABILITY,origin.list,origin.list,2022-11-26 05:54:54.355990,798989aab7d85dce019f56d7
bid.pubmatic.com,AVAILABILITY,origin.list,origin.list,2022-11-26 05:54:55.027349,798989aab7d85dce019f56d7
showads.pubmatic.com,AVAILABILITY,origin.list,origin.list,2022-11-26 05:54:55.895033,798989aab7d85dce019f56d7
www.qbop.com,AVAILABILITY,origin.list,origin.list,2022-11-26 05:54:58.891129,798989aab7d85dce019f56d7
track.pubmatic.com,AVAILABILITY,origin.list,origin.list,2022-11-26 05:54:59.092385,798989aab7d85dce019f56d7
pl12258511.puhtml.com,AVAILABILITY,origin.list,origin.list,2022-11-26 05:55:00.418266,798989aab7d85dce019f56d7
e1.cdn.qnsr.com,AVAILABILITY,origin.list,origin.list,2022-11-26 05:55:00.492135,798989aab7d85dce019f56d7
pl11074444.puhtml.com,AVAILABILITY,origin.list,origin.list,2022-11-26 05:55:01.061086,798989aab7d85dce019f56d7
qualityporn.biz,AVAILABILITY,origin.list,origin.list,2022-11-26 05:55:02.349811,798989aab7d85dce019f56d7
l1.cdn.qnsr.com,AVAILABILITY,origin.list,origin.list,2022-11-26 05:55:03.292758,798989aab7d85dce019f56d7
siteinterceptco1.qualtrics.com,AVAILABILITY,origin.list,origin.list,2022-11-26 05:55:04.194855,798989aab7d85dce019f56d7
ads.racunalniske-novice.com,AVAILABILITY,origin.list,origin.list,2022-11-26 05:55:04.930021,798989aab7d85dce019f56d7
s-bid.rmp.rakuten.com,AVAILABILITY,origin.list,origin.list,2022-11-26 05:55:06.430510,798989aab7d85dce019f56d7
stats2.radiocompanion.com,AVAILABILITY,origin.list,origin.list,2022-11-26 05:55:06.955483,798989aab7d85dce019f56d7
s-imp.rmp.rakuten.com,AVAILABILITY,origin.list,origin.list,2022-11-26 05:55:07.623931,798989aab7d85dce019f56d7
www.random-logic.com,AVAILABILITY,origin.list,origin.list,2022-11-26 05:55:09.537731,798989aab7d85dce019f56d7
counter.rapidcounter.com,AVAILABILITY,origin.list,origin.list,2022-11-26 05:55:11.649615,798989aab7d85dce019f56d7
ads.rcgroups.com,AVAILABILITY,origin.list,origin.list,2022-11-26 05:55:11.760060,798989aab7d85dce019f56d7
www.rapidcounter.com,AVAILABILITY,origin.list,origin.list,2022-11-26 05:55:13.236536,798989aab7d85dce019f56d7
tracking.quisma.com,AVAILABILITY,origin.list,origin.list,2022-11-26 05:55:14.446718,798989aab7d85dce019f56d7
banners.realitycash.com,AVAILABILITY,origin.list,origin.list,2022-11-26 05:55:15.452472,798989aab7d85dce019f56d7
reactads.com,AVAILABILITY,origin.list,origin.list,2022-11-26 05:55:16.094950,798989aab7d85dce019f56d7
webstats.web.rcn.net,AVAILABILITY,origin.list,origin.list,2022-11-26 05:55:16.351093,798989aab7d85dce019f56d7
ads.rediff.com,AVAILABILITY,origin.list,origin.list,2022-11-26 05:55:18.046194,798989aab7d85dce019f56d7
noah.reddion.com,AVAILABILITY,origin.list,origin.list,2022-11-26 05:55:20.320280,798989aab7d85dce019f56d7
adworks.rediff.com,AVAILABILITY,origin.list,origin.list,2022-11-26 05:55:20.872850,798989aab7d85dce019f56d7
imadworks.rediff.com,AVAILABILITY,origin.list,origin.list,2022-11-26 05:55:21.612029,798989aab7d85dce019f56d7
js.ua.redtram.com,AVAILABILITY,origin.list,origin.list,2022-11-26 05:55:24.403905,798989aab7d85dce019f56d7
adserver.reklamstore.com,AVAILABILITY,origin.list,origin.list,2022-11-26 05:55:25.678674,798989aab7d85dce019f56d7
reklamanet.net,AVAILABILITY,origin.list,origin.list,2022-11-26 05:55:26.195811,798989aab7d85dce019f56d7
cdn.reporo.net,AVAILABILITY,origin.list,origin.list,2022-11-26 05:55:28.645362,798989aab7d85dce019f56d7
go.realvu.net,AVAILABILITY,origin.list,origin.list,2022-11-26 05:55:29.018851,798989aab7d85dce019f56d7
republer.com,AVAILABILITY,origin.list,origin.list,2022-11-26 05:55:30.177194,798989aab7d85dce019f56d7
revcontent.com,AVAILABILITY,origin.list,origin.list,2022-11-26 05:55:30.704442,798989aab7d85dce019f56d7
labs-cdn.revcontent.com,AVAILABILITY,origin.list,origin.list,2022-11-26 05:55:32.230482,798989aab7d85dce019f56d7
cdn.revcontent.com,AVAILABILITY,origin.list,origin.list,2022-11-26 05:55:32.725906,798989aab7d85dce019f56d7
www.revcontent.com,AVAILABILITY,origin.list,origin.list,2022-11-26 05:55:34.309332,798989aab7d85dce019f56d7
overlay.ringtonematcher.com,AVAILABILITY,origin.list,origin.list,2022-11-26 05:55:36.048117,798989aab7d85dce019f56d7
ads.register.com,AVAILABILITY,origin.list,origin.list,2022-11-26 05:55:35.900989,798989aab7d85dce019f56d7
p.rfihub.com,AVAILABILITY,origin.list,origin.list,2022-11-26 05:55:35.956166,798989aab7d85dce019f56d7
banners.resultonline.com,AVAILABILITY,origin.list,origin.list,2022-11-26 05:55:39.060603,798989aab7d85dce019f56d7
ads.ripoffreport.com,AVAILABILITY,origin.list,origin.list,2022-11-26 05:55:39.628727,798989aab7d85dce019f56d7
mct.rkdms.com,AVAILABILITY,origin.list,origin.list,2022-11-26 05:55:39.668535,798989aab7d85dce019f56d7
db.riskwaters.com,AVAILABILITY,origin.list,origin.list,2022-11-26 05:55:39.877839,798989aab7d85dce019f56d7
ei.rlcdn.com,AVAILABILITY,origin.list,origin.list,2022-11-26 05:55:43.191183,798989aab7d85dce019f56d7
tex-sync.rockyou.net,AVAILABILITY,origin.list,origin.list,2022-11-26 05:55:43.435345,798989aab7d85dce019f56d7
sr.rlcdn.com,AVAILABILITY,origin.list,origin.list,2022-11-26 05:55:44.377386,798989aab7d85dce019f56d7
ro2.biz,AVAILABILITY,origin.list,origin.list,2022-11-26 05:55:45.818890,798989aab7d85dce019f56d7
rem.rezonmedia.eu,AVAILABILITY,origin.list,origin.list,2022-11-26 05:55:46.130811,798989aab7d85dce019f56d7
adcode.rontar.com,AVAILABILITY,origin.list,origin.list,2022-11-26 05:55:47.916124,798989aab7d85dce019f56d7
ads.rohea.com,AVAILABILITY,origin.list,origin.list,2022-11-26 05:55:48.118162,798989aab7d85dce019f56d7
optimized-by.rubiconproject.com,AVAILABILITY,origin.list,origin.list,2022-11-26 05:55:51.996534,798989aab7d85dce019f56d7
rtrgt2.com,AVAILABILITY,origin.list,origin.list,2022-11-26 05:55:52.728009,798989aab7d85dce019f56d7
ads.rubiconproject.com,AVAILABILITY,origin.list,origin.list,2022-11-26 05:55:53.091911,798989aab7d85dce019f56d7
pixel.rubiconproject.com,AVAILABILITY,origin.list,origin.list,2022-11-26 05:55:53.833065,798989aab7d85dce019f56d7
pixel-us-east.rubiconproject.com,AVAILABILITY,origin.list,origin.list,2022-11-26 05:55:57.540163,798989aab7d85dce019f56d7
laurel.rovicorp.com,AVAILABILITY,origin.list,origin.list,2022-11-26 05:55:59.477513,798989aab7d85dce019f56d7
banners.rushcommerce.com,AVAILABILITY,origin.list,origin.list,2022-11-26 05:55:59.634993,798989aab7d85dce019f56d7
rutrk.org,AVAILABILITY,origin.list,origin.list,2022-11-26 05:56:01.236968,798989aab7d85dce019f56d7
gbjfc.rsvpgenius.com,AVAILABILITY,origin.list,origin.list,2022-11-26 05:56:01.470112,798989aab7d85dce019f56d7
s4le.net,AVAILABILITY,origin.list,origin.list,2022-11-26 05:56:03.884054,798989aab7d85dce019f56d7
dt.scanscout.com,AVAILABILITY,origin.list,origin.list,2022-11-26 05:56:04.046661,798989aab7d85dce019f56d7
static.scanscout.com,AVAILABILITY,origin.list,origin.list,2022-11-26 05:56:04.240401,798989aab7d85dce019f56d7
www.s2d6.com,AVAILABILITY,origin.list,origin.list,2022-11-26 05:56:05.343548,798989aab7d85dce019f56d7
ad.searchhound.com,AVAILABILITY,origin.list,origin.list,2022-11-26 05:56:05.973480,798989aab7d85dce019f56d7
a1.seadform.net,AVAILABILITY,origin.list,origin.list,2022-11-26 05:56:06.938440,798989aab7d85dce019f56d7
tracking.searchmarketing.com,AVAILABILITY,origin.list,origin.list,2022-11-26 05:56:07.190287,798989aab7d85dce019f56d7
advert.runescape.com,AVAILABILITY,origin.list,origin.list,2022-11-26 05:56:07.632887,798989aab7d85dce019f56d7
geoip.securitetotale.com,AVAILABILITY,origin.list,origin.list,2022-11-26 05:56:08.595302,798989aab7d85dce019f56d7
www.selfsurveys.com,AVAILABILITY,origin.list,origin.list,2022-11-26 05:56:10.013396,798989aab7d85dce019f56d7
live.sekindo.com,AVAILABILITY,origin.list,origin.list,2022-11-26 05:56:10.138952,798989aab7d85dce019f56d7
www2.sellhealth.com,AVAILABILITY,origin.list,origin.list,2022-11-26 05:56:10.827876,798989aab7d85dce019f56d7
t.sellpoints.com,AVAILABILITY,origin.list,origin.list,2022-11-26 05:56:11.908982,798989aab7d85dce019f56d7
sensic.net,AVAILABILITY,origin.list,origin.list,2022-11-26 05:56:14.568039,798989aab7d85dce019f56d7
searchmagnified.com,AVAILABILITY,origin.list,origin.list,2022-11-26 05:56:15.150830,798989aab7d85dce019f56d7
weblink.settrade.com,AVAILABILITY,origin.list,origin.list,2022-11-26 05:56:15.391244,798989aab7d85dce019f56d7
ads.senddroid.com,AVAILABILITY,origin.list,origin.list,2022-11-26 05:56:15.468932,798989aab7d85dce019f56d7
logs.sexy-parade.com,AVAILABILITY,origin.list,origin.list,2022-11-26 05:56:17.349830,798989aab7d85dce019f56d7
sdc.shawinc.com,AVAILABILITY,origin.list,origin.list,2022-11-26 05:56:18.742621,798989aab7d85dce019f56d7
domainpark.sitelutions.com,AVAILABILITY,origin.list,origin.list,2022-11-26 05:56:22.741939,798989aab7d85dce019f56d7
sinuatemedia.com,AVAILABILITY,origin.list,origin.list,2022-11-26 05:56:23.396764,798989aab7d85dce019f56d7
sixsigmatraffic.com,AVAILABILITY,origin.list,origin.list,2022-11-26 05:56:25.813005,798989aab7d85dce019f56d7
www.sixsigmatraffic.com,AVAILABILITY,origin.list,origin.list,2022-11-26 05:56:27.474658,798989aab7d85dce019f56d7
simplehitcounter.com,AVAILABILITY,origin.list,origin.list,2022-11-26 05:56:29.341277,798989aab7d85dce019f56d7
adserve.shopzilla.com,AVAILABILITY,origin.list,origin.list,2022-11-26 05:56:29.350801,798989aab7d85dce019f56d7
dc.sify.com,AVAILABILITY,origin.list,origin.list,2022-11-26 05:56:32.752855,798989aab7d85dce019f56d7
goska.siol.net,AVAILABILITY,origin.list,origin.list,2022-11-26 05:56:32.778691,798989aab7d85dce019f56d7
ad.smaclick.com,AVAILABILITY,origin.list,origin.list,2022-11-26 05:56:33.407706,798989aab7d85dce019f56d7
ads.sladur.com,AVAILABILITY,origin.list,origin.list,2022-11-26 05:56:34.049733,798989aab7d85dce019f56d7
c.smartclick.net,AVAILABILITY,origin.list,origin.list,2022-11-26 05:56:35.114911,798989aab7d85dce019f56d7
n2.smartyads.com,AVAILABILITY,origin.list,origin.list,2022-11-26 05:56:35.185186,798989aab7d85dce019f56d7
eu1.snoobi.com,AVAILABILITY,origin.list,origin.list,2022-11-26 05:56:36.091160,798989aab7d85dce019f56d7
l.socialsexnetwork.net,AVAILABILITY,origin.list,origin.list,2022-11-26 05:56:36.665043,798989aab7d85dce019f56d7
apex.go.sonobi.com,AVAILABILITY,origin.list,origin.list,2022-11-26 05:56:36.900708,798989aab7d85dce019f56d7
sync.go.sonobi.com,AVAILABILITY,origin.list,origin.list,2022-11-26 05:56:38.662036,798989aab7d85dce019f56d7
tags.spider-mails.com,AVAILABILITY,origin.list,origin.list,2022-11-26 05:56:39.825617,798989aab7d85dce019f56d7
ivox.socratos.net,AVAILABILITY,origin.list,origin.list,2022-11-26 05:56:40.113577,798989aab7d85dce019f56d7
analytic.spamfighter.com,AVAILABILITY,origin.list,origin.list,2022-11-26 05:56:40.294277,798989aab7d85dce019f56d7
dp2.specificclick.net,AVAILABILITY,origin.list,origin.list,2022-11-26 05:56:42.284096,798989aab7d85dce019f56d7
ads.sina.com,AVAILABILITY,origin.list,origin.list,2022-11-26 05:56:43.183739,798989aab7d85dce019f56d7
search.spotxchange.com,AVAILABILITY,origin.list,origin.list,2022-11-26 05:56:43.177029,798989aab7d85dce019f56d7
js.spotx.tv,AVAILABILITY,origin.list,origin.list,2022-11-26 05:56:43.664331,798989aab7d85dce019f56d7
ads.stackoverflow.com,AVAILABILITY,origin.list,origin.list,2022-11-26 05:56:45.191758,798989aab7d85dce019f56d7
www.spywareit.com,AVAILABILITY,origin.list,origin.list,2022-11-26 05:56:45.230117,798989aab7d85dce019f56d7
speediest.net,AVAILABILITY,origin.list,origin.list,2022-11-26 05:56:45.238788,798989aab7d85dce019f56d7
adn.static-files.com,AVAILABILITY,origin.list,origin.list,2022-11-26 05:56:47.496539,798989aab7d85dce019f56d7
anchor.stailamedia.com,AVAILABILITY,origin.list,origin.list,2022-11-26 05:56:48.299020,798989aab7d85dce019f56d7
pixel.staticworld.net,AVAILABILITY,origin.list,origin.list,2022-11-26 05:56:49.884391,798989aab7d85dce019f56d7
statistik-gallup.net,AVAILABILITY,origin.list,origin.list,2022-11-26 05:56:50.109101,798989aab7d85dce019f56d7
ads.stardoll.com,AVAILABILITY,origin.list,origin.list,2022-11-26 05:56:50.408898,798989aab7d85dce019f56d7
www.start-page.org,AVAILABILITY,origin.list,origin.list,2022-11-26 05:56:50.911005,798989aab7d85dce019f56d7
www.speedcounter.net,AVAILABILITY,origin.list,origin.list,2022-11-26 05:56:53.957270,798989aab7d85dce019f56d7
www.steamtraffic.com,AVAILABILITY,origin.list,origin.list,2022-11-26 05:56:54.508519,798989aab7d85dce019f56d7
straightresults.com,AVAILABILITY,origin.list,origin.list,2022-11-26 05:56:55.652108,798989aab7d85dce019f56d7
webservices.sub2tech.com,AVAILABILITY,origin.list,origin.list,2022-11-26 05:56:57.368892,798989aab7d85dce019f56d7
ads.sup.com,AVAILABILITY,origin.list,origin.list,2022-11-26 05:57:00.490067,798989aab7d85dce019f56d7
cnt.sup.com,AVAILABILITY,origin.list,origin.list,2022-11-26 05:57:01.157104,798989aab7d85dce019f56d7
www.surveynetworks.com,AVAILABILITY,origin.list,origin.list,2022-11-26 05:57:03.432153,798989aab7d85dce019f56d7
my.surveypopups.com,AVAILABILITY,origin.list,origin.list,2022-11-26 05:57:03.804572,798989aab7d85dce019f56d7
analytics.strangeloopnetworks.com,AVAILABILITY,origin.list,origin.list,2022-11-26 05:57:05.514805,798989aab7d85dce019f56d7
go.straightresults.com,AVAILABILITY,origin.list,origin.list,2022-11-26 05:57:05.782734,798989aab7d85dce019f56d7
analytics.sutterhealth.org,AVAILABILITY,origin.list,origin.list,2022-11-26 05:57:06.236865,798989aab7d85dce019f56d7
ads.sun.com,AVAILABILITY,origin.list,origin.list,2022-11-26 05:57:07.058139,798989aab7d85dce019f56d7
nr.taboola.com,AVAILABILITY,origin.list,origin.list,2022-11-26 05:57:09.192768,798989aab7d85dce019f56d7
tracking.synthasite.net,AVAILABILITY,origin.list,origin.list,2022-11-26 05:57:09.260341,798989aab7d85dce019f56d7
www.t-analytics.com,AVAILABILITY,origin.list,origin.list,2022-11-26 05:57:10.126390,798989aab7d85dce019f56d7
www.tag4arm.com,AVAILABILITY,origin.list,origin.list,2022-11-26 05:57:10.403127,798989aab7d85dce019f56d7
script.tailsweep.com,AVAILABILITY,origin.list,origin.list,2022-11-26 05:57:13.190035,798989aab7d85dce019f56d7
talkaxis.com,AVAILABILITY,origin.list,origin.list,2022-11-26 05:57:13.605696,798989aab7d85dce019f56d7
files.tailsweep.com,AVAILABILITY,origin.list,origin.list,2022-11-26 05:57:14.977979,798989aab7d85dce019f56d7
adtag.sympatico.ca,AVAILABILITY,origin.list,origin.list,2022-11-26 05:57:16.958933,798989aab7d85dce019f56d7
tapestry.tapad.com,AVAILABILITY,origin.list,origin.list,2022-11-26 05:57:18.447411,798989aab7d85dce019f56d7
ads.tahono.com,AVAILABILITY,origin.list,origin.list,2022-11-26 05:57:20.954376,798989aab7d85dce019f56d7
ads.tele.net,AVAILABILITY,origin.list,origin.list,2022-11-26 05:57:23.587846,798989aab7d85dce019f56d7
adserver.tele.net,AVAILABILITY,origin.list,origin.list,2022-11-26 05:57:27.348418,798989aab7d85dce019f56d7
sdc.tele.net,AVAILABILITY,origin.list,origin.list,2022-11-26 05:57:27.981677,798989aab7d85dce019f56d7
srs.targetpoint.com,AVAILABILITY,origin.list,origin.list,2022-11-26 05:57:29.509391,798989aab7d85dce019f56d7
dev.targetpoint.com,AVAILABILITY,origin.list,origin.list,2022-11-26 05:57:30.012327,798989aab7d85dce019f56d7
traffic.tcmagnet.com,AVAILABILITY,origin.list,origin.list,2022-11-26 05:57:30.142854,798989aab7d85dce019f56d7
textad.net,AVAILABILITY,origin.list,origin.list,2022-11-26 05:57:30.829999,798989aab7d85dce019f56d7
c2.tentaculos.net,AVAILABILITY,origin.list,origin.list,2022-11-26 05:57:31.038714,798989aab7d85dce019f56d7
market2.the-adult-company.com,AVAILABILITY,origin.list,origin.list,2022-11-26 05:57:32.313705,798989aab7d85dce019f56d7
dmp.theadex.com,AVAILABILITY,origin.list,origin.list,2022-11-26 05:57:32.869516,798989aab7d85dce019f56d7
media.the-adult-company.com,AVAILABILITY,origin.list,origin.list,2022-11-26 05:57:33.389788,798989aab7d85dce019f56d7
ads.themoneytizer.com,AVAILABILITY,origin.list,origin.list,2022-11-26 05:57:33.884895,798989aab7d85dce019f56d7
webstats.thesoul-publishing.com,AVAILABILITY,origin.list,origin.list,2022-11-26 05:57:34.100176,798989aab7d85dce019f56d7
www.thesocialsexnetwork.com,AVAILABILITY,origin.list,origin.list,2022-11-26 05:57:34.731266,798989aab7d85dce019f56d7
analytics.theknot.com,AVAILABILITY,origin.list,origin.list,2022-11-26 05:57:34.727352,798989aab7d85dce019f56d7
analytics.thenest.com,AVAILABILITY,origin.list,origin.list,2022-11-26 05:57:34.800794,798989aab7d85dce019f56d7
www.topblogging.com,AVAILABILITY,origin.list,origin.list,2022-11-26 05:57:38.002269,798989aab7d85dce019f56d7
www.thickcash.com,AVAILABILITY,origin.list,origin.list,2022-11-26 05:57:38.175602,798989aab7d85dce019f56d7
hit.topc.org,AVAILABILITY,origin.list,origin.list,2022-11-26 05:57:39.518678,798989aab7d85dce019f56d7
ad.tom.com,AVAILABILITY,origin.list,origin.list,2022-11-26 05:57:39.816615,798989aab7d85dce019f56d7
www.topsites24.net,AVAILABILITY,origin.list,origin.list,2022-11-26 05:57:41.486785,798989aab7d85dce019f56d7
topeuro.biz,AVAILABILITY,origin.list,origin.list,2022-11-26 05:57:42.391166,798989aab7d85dce019f56d7
stats.topofblogs.com,AVAILABILITY,origin.list,origin.list,2022-11-26 05:57:44.406122,798989aab7d85dce019f56d7
www.topsiteguide.com,AVAILABILITY,origin.list,origin.list,2022-11-26 05:57:45.042696,798989aab7d85dce019f56d7
ads.topwam.com,AVAILABILITY,origin.list,origin.list,2022-11-26 05:57:47.195393,798989aab7d85dce019f56d7
www.tinbuadserv.com,AVAILABILITY,origin.list,origin.list,2022-11-26 05:57:47.394863,798989aab7d85dce019f56d7
cdn.total-media.net,AVAILABILITY,origin.list,origin.list,2022-11-26 05:57:48.104858,798989aab7d85dce019f56d7
ams.toxity.biz,AVAILABILITY,origin.list,origin.list,2022-11-26 05:57:49.322056,798989aab7d85dce019f56d7
www.tr100.net,AVAILABILITY,origin.list,origin.list,2022-11-26 05:57:50.332720,798989aab7d85dce019f56d7
trackaffpix.com,AVAILABILITY,origin.list,origin.list,2022-11-26 05:57:53.303164,798989aab7d85dce019f56d7
t.trackedlink.net,AVAILABILITY,origin.list,origin.list,2022-11-26 05:57:55.878287,798989aab7d85dce019f56d7
cdnegc.trafficfactory.biz,AVAILABILITY,origin.list,origin.list,2022-11-26 05:57:56.802356,798989aab7d85dce019f56d7
ad.track.us.org,AVAILABILITY,origin.list,origin.list,2022-11-26 05:57:57.991766,798989aab7d85dce019f56d7
usage.trackjs.com,AVAILABILITY,origin.list,origin.list,2022-11-26 05:57:58.847469,798989aab7d85dce019f56d7
tm.tradetracker.net,AVAILABILITY,origin.list,origin.list,2022-11-26 05:58:02.406483,798989aab7d85dce019f56d7
www.trackbacksecure.com,AVAILABILITY,origin.list,origin.list,2022-11-26 05:58:04.015457,798989aab7d85dce019f56d7
t.trafmag.com,AVAILABILITY,origin.list,origin.list,2022-11-26 05:58:05.099097,798989aab7d85dce019f56d7
cdn1ht.traffichaus.com,AVAILABILITY,origin.list,origin.list,2022-11-26 05:58:07.717685,798989aab7d85dce019f56d7
ad.triplemind.com,AVAILABILITY,origin.list,origin.list,2022-11-26 05:58:09.975253,798989aab7d85dce019f56d7
engine.trklnks.com,AVAILABILITY,origin.list,origin.list,2022-11-26 05:58:10.619643,798989aab7d85dce019f56d7
www.track2cash.com,AVAILABILITY,origin.list,origin.list,2022-11-26 05:58:12.039399,798989aab7d85dce019f56d7
