subject,idna_subject,expiration_date,epoch,registrar
00fun.com,00fun.com,05-aug-2021,1628121600.0,
00fun.com,00fun.com,05-aug-2021,1628121600.0,
100webads.com,100webads.com,03-sep-2022,1662163200.0,
100webads.com,100webads.com,03-sep-2022,1662163200.0,
11zz.com,11zz.com,18-jun-2021,1623974400.0,
11zz.com,11zz.com,18-jun-2021,1623974400.0,
123-tracker.com,123-tracker.com,14-may-2021,1620950400.0,
123-tracker.com,123-tracker.com,14-may-2021,1620950400.0,
123count.com,123count.com,09-dec-2021,1639008000.0,
123count.com,123count.com,09-dec-2021,1639008000.0,
123go.com,123go.com,10-oct-2021,1633824000.0,
123go.com,123go.com,10-oct-2021,1633824000.0,
123stat.com,123stat.com,19-aug-2024,1724025600.0,
123stat.com,123stat.com,19-aug-2024,1724025600.0,
1bg.net,1bg.net,21-mar-2021,1616284800.0,
1bg.net,1bg.net,21-mar-2021,1616284800.0,
1empiredirect.com,1empiredirect.com,11-nov-2021,1636588800.0,
1empiredirect.com,1empiredirect.com,11-nov-2021,1636588800.0,
1phads.com,1phads.com,12-feb-2021,1613088000.0,
1phads.com,1phads.com,12-feb-2021,1613088000.0,
2001positions.com,2001positions.com,03-mar-2021,1614729600.0,
2001positions.com,2001positions.com,03-mar-2021,1614729600.0,
24counter.com,24counter.com,30-jun-2022,1656547200.0,
24counter.com,24counter.com,30-jun-2022,1656547200.0,
3animalsex.com,3animalsex.com,02-feb-2021,1612224000.0,
3animalsex.com,3animalsex.com,02-feb-2021,1612224000.0,
3xtraffic.com,3xtraffic.com,19-apr-2021,1618790400.0,
3xtraffic.com,3xtraffic.com,19-apr-2021,1618790400.0,
4ur.click,4ur.click,04-mar-2022,1646352000.0,
4ur.click,4ur.click,04-mar-2022,1646352000.0,
6e2f1d2ae033.com,6e2f1d2ae033.com,03-oct-2021,1633219200.0,
6e2f1d2ae033.com,6e2f1d2ae033.com,03-oct-2021,1633219200.0,
7search.com,7search.com,25-may-2021,1621900800.0,
7search.com,7search.com,25-may-2021,1621900800.0,
abcstats.com,abcstats.com,01-dec-2021,1638316800.0,
abcstats.com,abcstats.com,01-dec-2021,1638316800.0,
aboutwebservices.com,aboutwebservices.com,25-jul-2021,1627171200.0,
aboutwebservices.com,aboutwebservices.com,25-jul-2021,1627171200.0,
aclickads.com,aclickads.com,09-jun-2021,1623196800.0,
aclickads.com,aclickads.com,09-jun-2021,1623196800.0,
actvtrack.com,actvtrack.com,06-sep-2021,1630886400.0,
actvtrack.com,actvtrack.com,06-sep-2021,1630886400.0,
acuityplatform.com,acuityplatform.com,27-may-2022,1653609600.0,
acuityplatform.com,acuityplatform.com,27-may-2022,1653609600.0,
ad-delivery.net,ad-delivery.net,03-may-2021,1620000000.0,
ad-delivery.net,ad-delivery.net,03-may-2021,1620000000.0,
ad-rotator.com,ad-rotator.com,27-jun-2027,1814054400.0,
ad-rotator.com,ad-rotator.com,27-jun-2027,1814054400.0,
ad2games.com,ad2games.com,26-jun-2021,1624665600.0,
ad2games.com,ad2games.com,26-jun-2021,1624665600.0,
adadvisor.net,adadvisor.net,08-apr-2022,1649376000.0,
adadvisor.net,adadvisor.net,08-apr-2022,1649376000.0,
adboost.ro,adboost.ro,05-jun-2021,1622851200.0,
adboost.ro,adboost.ro,05-jun-2021,1622851200.0,
adbuka.com,adbuka.com,31-jan-2021,1612051200.0,
adbuka.com,adbuka.com,31-jan-2021,1612051200.0,
adc-serv.net,adc-serv.net,02-jun-2021,1622592000.0,
adc-serv.net,adc-serv.net,02-jun-2021,1622592000.0,
adchimp.com,adchimp.com,09-feb-2021,1612828800.0,
adchimp.com,adchimp.com,09-feb-2021,1612828800.0,
adclickservice.com,adclickservice.com,14-sep-2021,1631577600.0,
adclickservice.com,adclickservice.com,14-sep-2021,1631577600.0,
addfreestats.com,addfreestats.com,21-aug-2021,1629504000.0,
addfreestats.com,addfreestats.com,21-aug-2021,1629504000.0,
addjump.com,addjump.com,27-jul-2021,1627344000.0,
addjump.com,addjump.com,27-jul-2021,1627344000.0,
adedy.com,adedy.com,20-jul-2021,1626739200.0,
adedy.com,adedy.com,20-jul-2021,1626739200.0,
adexc.net,adexc.net,07-aug-2021,1628294400.0,
adexc.net,adexc.net,07-aug-2021,1628294400.0,
adexchangedirect.com,adexchangedirect.com,27-apr-2021,1619481600.0,
adexchangedirect.com,adexchangedirect.com,27-apr-2021,1619481600.0,
adexchangeprediction.com,adexchangeprediction.com,27-apr-2021,1619481600.0,
adexchangeprediction.com,adexchangeprediction.com,27-apr-2021,1619481600.0,
adfoc.us,adfoc.us,21-mar-2023,1679356800.0,
adfoc.us,adfoc.us,21-mar-2023,1679356800.0,
adform.net,adform.net,23-sep-2023,1695427200.0,
adform.net,adform.net,23-sep-2023,1695427200.0,
adgebra.co.in,adgebra.co.in,13-nov-2022,1668297600.0,
adgebra.co.in,adgebra.co.in,13-nov-2022,1668297600.0,
adgrx.com,adgrx.com,06-oct-2021,1633478400.0,
adgrx.com,adgrx.com,06-oct-2021,1633478400.0,
adhitzads.com,adhitzads.com,14-jan-2021,1610582400.0,
adhitzads.com,adhitzads.com,14-jan-2021,1610582400.0,
adinterax.com,adinterax.com,23-jan-2021,1611360000.0,
adinterax.com,adinterax.com,23-jan-2021,1611360000.0,
adklip.com,adklip.com,26-sep-2021,1632614400.0,
adklip.com,adklip.com,26-sep-2021,1632614400.0,
admanage.com,admanage.com,13-aug-2021,1628812800.0,
admanage.com,admanage.com,13-aug-2021,1628812800.0,
admedia.com,admedia.com,27-apr-2021,1619481600.0,
admedia.com,admedia.com,27-apr-2021,1619481600.0,
admedit.net,admedit.net,27-may-2021,1622073600.0,
admedit.net,admedit.net,27-may-2021,1622073600.0,
admez.com,admez.com,02-mar-2021,1614643200.0,
admez.com,admez.com,02-mar-2021,1614643200.0,
adnet.com.ua,adnet.com.ua,27-sep-2025,1758931200.0,
adnet.com.ua,adnet.com.ua,27-sep-2025,1758931200.0,
adperium.com,adperium.com,17-feb-2021,1613520000.0,
adperium.com,adperium.com,17-feb-2021,1613520000.0,
adplans.net,adplans.net,01-feb-2021,1612137600.0,
adplans.net,adplans.net,01-feb-2021,1612137600.0,
adrazzi.com,adrazzi.com,21-jun-2021,1624233600.0,
adrazzi.com,adrazzi.com,21-jun-2021,1624233600.0,
adreactor.com,adreactor.com,12-aug-2021,1628726400.0,
adreactor.com,adreactor.com,12-aug-2021,1628726400.0,
adreadytractions.com,adreadytractions.com,05-may-2021,1620172800.0,
adreadytractions.com,adreadytractions.com,05-may-2021,1620172800.0,
adroll.com,adroll.com,13-oct-2021,1634083200.0,
adroll.com,adroll.com,13-oct-2021,1634083200.0,
adrotator.com,adrotator.com,16-mar-2023,1678924800.0,
adrotator.com,adrotator.com,16-mar-2023,1678924800.0,
adrunnr.com,adrunnr.com,02-mar-2021,1614643200.0,
adrunnr.com,adrunnr.com,02-mar-2021,1614643200.0,
ads-stream.com,ads-stream.com,05-apr-2021,1617580800.0,
ads-stream.com,ads-stream.com,05-apr-2021,1617580800.0,
ads.cc,ads.cc,13-jun-2021,1623542400.0,
ads.cc,ads.cc,13-jun-2021,1623542400.0,
ads4pubs.com,ads4pubs.com,16-jan-2021,1610755200.0,
ads4pubs.com,ads4pubs.com,16-jan-2021,1610755200.0,
adsbookie.com,adsbookie.com,10-oct-2021,1633824000.0,
adsbookie.com,adsbookie.com,10-oct-2021,1633824000.0,
adscendmedia.com,adscendmedia.com,12-nov-2021,1636675200.0,
adscendmedia.com,adscendmedia.com,12-nov-2021,1636675200.0,
adsco.re,adsco.re,14-feb-2027,1802563200.0,
adsco.re,adsco.re,14-feb-2027,1802563200.0,
adserv.net,adserv.net,30-mar-2021,1617062400.0,
adserv.net,adserv.net,30-mar-2021,1617062400.0,
adserver-e7.com,adserver-e7.com,16-jun-2021,1623801600.0,
adserver-e7.com,adserver-e7.com,16-jun-2021,1623801600.0,
adserver-voice-online.co.uk,adserver-voice-online.co.uk,23-apr-2021,1619136000.0,
adserver-voice-online.co.uk,adserver-voice-online.co.uk,23-apr-2021,1619136000.0,
adserverus.info,adserverus.info,07-mar-2021,1615075200.0,
adserverus.info,adserverus.info,07-mar-2021,1615075200.0,
adservone.com,adservone.com,04-mar-2021,1614816000.0,
adservone.com,adservone.com,04-mar-2021,1614816000.0,
adsfac.net,adsfac.net,04-sep-2021,1630713600.0,
adsfac.net,adsfac.net,04-sep-2021,1630713600.0,
adsfac.us,adsfac.us,21-aug-2021,1629504000.0,
adsfac.us,adsfac.us,21-aug-2021,1629504000.0,
adsgangsta.com,adsgangsta.com,24-may-2021,1621814400.0,
adsgangsta.com,adsgangsta.com,24-may-2021,1621814400.0,
adsharenetwork.com,adsharenetwork.com,30-jul-2021,1627603200.0,
adsharenetwork.com,adsharenetwork.com,30-jul-2021,1627603200.0,
adsrvr.org,adsrvr.org,29-mar-2021,1616976000.0,
adsrvr.org,adsrvr.org,29-mar-2021,1616976000.0,
adsvert.com,adsvert.com,22-may-2021,1621641600.0,
adsvert.com,adsvert.com,22-may-2021,1621641600.0,
adswakeup.com,adswakeup.com,01-may-2021,1619827200.0,
adswakeup.com,adswakeup.com,01-may-2021,1619827200.0,
adsyst.biz,adsyst.biz,06-feb-2021,1612569600.0,
adsyst.biz,adsyst.biz,06-feb-2021,1612569600.0,
adtactics.com,adtactics.com,02-may-2021,1619913600.0,
adtactics.com,adtactics.com,02-may-2021,1619913600.0,
adtdp.com,adtdp.com,15-jan-2021,1610668800.0,
adtdp.com,adtdp.com,15-jan-2021,1610668800.0,
adtegrity.com,adtegrity.com,24-sep-2021,1632441600.0,
adtegrity.com,adtegrity.com,24-sep-2021,1632441600.0,
adtgs.com,adtgs.com,26-jan-2021,1611619200.0,
adtgs.com,adtgs.com,26-jan-2021,1611619200.0,
adtradradservices.com,adtradradservices.com,03-sep-2021,1630627200.0,
adtradradservices.com,adtradradservices.com,03-sep-2021,1630627200.0,
adultimate.net,adultimate.net,23-jun-2021,1624406400.0,
adultimate.net,adultimate.net,23-jun-2021,1624406400.0,
adultmoneymakers.com,adultmoneymakers.com,10-nov-2021,1636502400.0,
adultmoneymakers.com,adultmoneymakers.com,10-nov-2021,1636502400.0,
adve.net,adve.net,08-feb-2021,1612742400.0,
adve.net,adve.net,08-feb-2021,1612742400.0,
advertising.com,advertising.com,04-jan-2022,1641254400.0,
advertising.com,advertising.com,04-jan-2022,1641254400.0,
advertisingagent.com,advertisingagent.com,17-mar-2021,1615939200.0,
advertisingagent.com,advertisingagent.com,17-mar-2021,1615939200.0,
advizi.ru,advizi.ru,01-may-2021,1619827200.0,
advizi.ru,advizi.ru,01-may-2021,1619827200.0,
advombat.ru,advombat.ru,07-jul-2021,1625616000.0,
advombat.ru,advombat.ru,07-jul-2021,1625616000.0,
affbeat.com,affbeat.com,06-dec-2021,1638748800.0,
affbeat.com,affbeat.com,06-dec-2021,1638748800.0,
affiliategroove.com,affiliategroove.com,24-oct-2021,1635033600.0,
affiliategroove.com,affiliategroove.com,24-oct-2021,1635033600.0,
affntwklnk.com,affntwklnk.com,04-apr-2022,1649030400.0,
affntwklnk.com,affntwklnk.com,04-apr-2022,1649030400.0,
affrh2019.com,affrh2019.com,15-apr-2021,1618444800.0,
affrh2019.com,affrh2019.com,15-apr-2021,1618444800.0,
aftrk.com,aftrk.com,11-mar-2021,1615420800.0,
aftrk.com,aftrk.com,11-mar-2021,1615420800.0,
aka-root.com,aka-root.com,04-apr-2021,1617494400.0,
aka-root.com,aka-root.com,04-apr-2021,1617494400.0,
alfatraffic.com,alfatraffic.com,17-jan-2021,1610841600.0,
alfatraffic.com,alfatraffic.com,17-jan-2021,1610841600.0,
altmedia101.com,altmedia101.com,29-apr-2021,1619654400.0,
altmedia101.com,altmedia101.com,29-apr-2021,1619654400.0,
am-display.com,am-display.com,13-jul-2021,1626134400.0,
am-display.com,am-display.com,13-jul-2021,1626134400.0,
am15.net,am15.net,15-nov-2021,1636934400.0,
am15.net,am15.net,15-nov-2021,1636934400.0,
amateurdevils.com,amateurdevils.com,07-aug-2021,1628294400.0,
amateurdevils.com,amateurdevils.com,07-aug-2021,1628294400.0,
antventure.com,antventure.com,28-mar-2021,1616889600.0,
antventure.com,antventure.com,28-mar-2021,1616889600.0,
apicit.net,apicit.net,20-apr-2021,1618876800.0,
apicit.net,apicit.net,20-apr-2021,1618876800.0,
appie.com,appie.com,08-nov-2021,1636329600.0,
appie.com,appie.com,08-nov-2021,1636329600.0,
arank.com,arank.com,12-may-2021,1620777600.0,
arank.com,arank.com,12-may-2021,1620777600.0,
areasnap.com,areasnap.com,29-jul-2021,1627516800.0,
areasnap.com,areasnap.com,29-jul-2021,1627516800.0,
ariboo.com,ariboo.com,13-apr-2021,1618272000.0,
ariboo.com,ariboo.com,13-apr-2021,1618272000.0,
artcomix.com,artcomix.com,10-feb-2021,1612915200.0,
artcomix.com,artcomix.com,10-feb-2021,1612915200.0,
atemda.com,atemda.com,09-jun-2021,1623196800.0,
atemda.com,atemda.com,09-jun-2021,1623196800.0,
atlasdmt.com,atlasdmt.com,03-apr-2021,1617408000.0,
atlasdmt.com,atlasdmt.com,03-apr-2021,1617408000.0,
avantlink.com,avantlink.com,25-aug-2021,1629849600.0,
avantlink.com,avantlink.com,25-aug-2021,1629849600.0,
avazudsp.net,avazudsp.net,22-jul-2021,1626912000.0,
avazudsp.net,avazudsp.net,22-jul-2021,1626912000.0,
avidtrak.com,avidtrak.com,25-aug-2021,1629849600.0,
avidtrak.com,avidtrak.com,25-aug-2021,1629849600.0,
b2u-system-err.icu,b2u-system-err.icu,19-sep-2021,1632009600.0,
b2u-system-err.icu,b2u-system-err.icu,19-sep-2021,1632009600.0,
b3d.com,b3d.com,12-sep-2021,1631404800.0,
b3d.com,b3d.com,12-sep-2021,1631404800.0,
banerator.net,banerator.net,29-oct-2021,1635465600.0,
banerator.net,banerator.net,29-oct-2021,1635465600.0,
banner.kiev.ua,banner.kiev.ua,01-aug-2021,1627776000.0,
banner.kiev.ua,banner.kiev.ua,01-aug-2021,1627776000.0,
bannerco-op.com,bannerco-op.com,11-feb-2021,1613001600.0,
bannerco-op.com,bannerco-op.com,11-feb-2021,1613001600.0,
bannersgomlm.com,bannersgomlm.com,05-feb-2021,1612483200.0,
bannersgomlm.com,bannersgomlm.com,05-feb-2021,1612483200.0,
barilliance.net,barilliance.net,20-jan-2023,1674172800.0,
barilliance.net,barilliance.net,20-jan-2023,1674172800.0,
beachfrontio.com,beachfrontio.com,11-jul-2023,1689033600.0,
beachfrontio.com,beachfrontio.com,11-jul-2023,1689033600.0,
bestadbid.com,bestadbid.com,10-jul-2021,1625875200.0,
bestadbid.com,bestadbid.com,10-jul-2021,1625875200.0,
bestappinstalls.com,bestappinstalls.com,18-aug-2021,1629244800.0,
bestappinstalls.com,bestappinstalls.com,18-aug-2021,1629244800.0,
bgbaner.com,bgbaner.com,18-aug-2021,1629244800.0,
bgbaner.com,bgbaner.com,18-aug-2021,1629244800.0,
bgtop100.com,bgtop100.com,17-jan-2021,1610841600.0,
bgtop100.com,bgtop100.com,17-jan-2021,1610841600.0,
bgwebads.com,bgwebads.com,13-feb-2021,1613174400.0,
bgwebads.com,bgwebads.com,13-feb-2021,1613174400.0,
bidclix.net,bidclix.net,19-apr-2021,1618790400.0,
bidclix.net,bidclix.net,19-apr-2021,1618790400.0,
bighop.com,bighop.com,24-mar-2021,1616544000.0,
bighop.com,bighop.com,24-mar-2021,1616544000.0,
bilbob.com,bilbob.com,30-apr-2021,1619740800.0,
bilbob.com,bilbob.com,30-apr-2021,1619740800.0,
blekko.com,blekko.com,18-may-2021,1621296000.0,
blekko.com,blekko.com,18-may-2021,1621296000.0,
blobar.org,blobar.org,23-oct-2021,1634947200.0,
blobar.org,blobar.org,23-oct-2021,1634947200.0,
blockmetrics.com,blockmetrics.com,30-aug-2021,1630281600.0,
blockmetrics.com,blockmetrics.com,30-aug-2021,1630281600.0,
blogadswap.com,blogadswap.com,22-oct-2021,1634860800.0,
blogadswap.com,blogadswap.com,22-oct-2021,1634860800.0,
blogcounter.com,blogcounter.com,12-nov-2021,1636675200.0,
blogcounter.com,blogcounter.com,12-nov-2021,1636675200.0,
blueadvertise.com,blueadvertise.com,16-aug-2021,1629072000.0,
blueadvertise.com,blueadvertise.com,16-aug-2021,1629072000.0,
bluekai.com,bluekai.com,06-jul-2021,1625529600.0,
bluekai.com,bluekai.com,06-jul-2021,1625529600.0,
bokotraffic.com,bokotraffic.com,03-jul-2021,1625270400.0,
bokotraffic.com,bokotraffic.com,03-jul-2021,1625270400.0,
boloz.com,boloz.com,22-sep-2021,1632268800.0,
boloz.com,boloz.com,22-sep-2021,1632268800.0,
bounceexchange.com,bounceexchange.com,03-apr-2027,1806710400.0,
bounceexchange.com,bounceexchange.com,03-apr-2027,1806710400.0,
broadspring.com,broadspring.com,02-mar-2022,1646179200.0,
broadspring.com,broadspring.com,02-mar-2022,1646179200.0,
bulgariabg.com,bulgariabg.com,25-jul-2021,1627171200.0,
bulgariabg.com,bulgariabg.com,25-jul-2021,1627171200.0,
bunny-net.com,bunny-net.com,31-jul-2021,1627689600.0,
bunny-net.com,bunny-net.com,31-jul-2021,1627689600.0,
buylicensekey.com,buylicensekey.com,20-oct-2021,1634688000.0,
buylicensekey.com,buylicensekey.com,20-oct-2021,1634688000.0,
buzzcpm.com,buzzcpm.com,19-sep-2021,1632009600.0,
buzzcpm.com,buzzcpm.com,19-sep-2021,1632009600.0,
byet.org,byet.org,22-mar-2021,1616371200.0,
byet.org,byet.org,22-mar-2021,1616371200.0,
c4dl.com,c4dl.com,05-jun-2021,1622851200.0,
c4dl.com,c4dl.com,05-jun-2021,1622851200.0,
c4tracking01.com,c4tracking01.com,07-apr-2021,1617753600.0,
c4tracking01.com,c4tracking01.com,07-apr-2021,1617753600.0,
casalemedia.com,casalemedia.com,19-oct-2023,1697673600.0,
casalemedia.com,casalemedia.com,19-oct-2023,1697673600.0,
cashcount.com,cashcount.com,06-aug-2021,1628208000.0,
cashcount.com,cashcount.com,06-aug-2021,1628208000.0,
cashcownetworks.com,cashcownetworks.com,05-aug-2021,1628121600.0,
cashcownetworks.com,cashcownetworks.com,05-aug-2021,1628121600.0,
cashengines.com,cashengines.com,16-aug-2021,1629072000.0,
cashengines.com,cashengines.com,16-aug-2021,1629072000.0,
cd-ads.com,cd-ads.com,17-oct-2021,1634428800.0,
cd-ads.com,cd-ads.com,17-oct-2021,1634428800.0,
cdnmedia.xyz,cdnmedia.xyz,03-jun-2021,1622678400.0,
cdnmedia.xyz,cdnmedia.xyz,03-jun-2021,1622678400.0,
chlcotrk.com,chlcotrk.com,18-nov-2021,1637193600.0,
chlcotrk.com,chlcotrk.com,18-nov-2021,1637193600.0,
cityads.ru,cityads.ru,02-apr-2021,1617321600.0,
cityads.ru,cityads.ru,02-apr-2021,1617321600.0,
ckstatic.com,ckstatic.com,03-may-2021,1620000000.0,
ckstatic.com,ckstatic.com,03-may-2021,1620000000.0,
cleardexchange.com,cleardexchange.com,05-mar-2021,1614902400.0,
cleardexchange.com,cleardexchange.com,05-mar-2021,1614902400.0,
clevernt.com,clevernt.com,22-jun-2021,1624320000.0,
clevernt.com,clevernt.com,22-jun-2021,1624320000.0,
clickadu.com,clickadu.com,24-oct-2021,1635033600.0,
clickadu.com,clickadu.com,24-oct-2021,1635033600.0,
clickauditor.net,clickauditor.net,31-mar-2022,1648684800.0,
clickauditor.net,clickauditor.net,31-mar-2022,1648684800.0,
clickboothlnk.com,clickboothlnk.com,05-oct-2021,1633392000.0,
clickboothlnk.com,clickboothlnk.com,05-oct-2021,1633392000.0,
clickedyclick.com,clickedyclick.com,13-sep-2021,1631491200.0,
clickedyclick.com,clickedyclick.com,13-sep-2021,1631491200.0,
clicksagent.com,clicksagent.com,01-nov-2021,1635724800.0,
clicksagent.com,clicksagent.com,01-nov-2021,1635724800.0,
clickthru.net,clickthru.net,13-apr-2021,1618272000.0,
clickthru.net,clickthru.net,13-apr-2021,1618272000.0,
clicktrace.info,clicktrace.info,10-apr-2021,1618012800.0,
clicktrace.info,clicktrace.info,10-apr-2021,1618012800.0,
clicktracks.com,clicktracks.com,03-dec-2021,1638489600.0,
clicktracks.com,clicktracks.com,03-dec-2021,1638489600.0,
clixtk.com,clixtk.com,01-feb-2021,1612137600.0,
clixtk.com,clixtk.com,01-feb-2021,1612137600.0,
clkfeed.com,clkfeed.com,12-oct-2021,1633996800.0,
clkfeed.com,clkfeed.com,12-oct-2021,1633996800.0,
clkoffers.com,clkoffers.com,06-oct-2021,1633478400.0,
clkoffers.com,clkoffers.com,06-oct-2021,1633478400.0,
clkrev.com,clkrev.com,04-mar-2021,1614816000.0,
clkrev.com,clkrev.com,04-mar-2021,1614816000.0,
clksite.com,clksite.com,20-nov-2021,1637366400.0,
clksite.com,clksite.com,20-nov-2021,1637366400.0,
clustrmaps.com,clustrmaps.com,17-jun-2022,1655424000.0,
clustrmaps.com,clustrmaps.com,17-jun-2022,1655424000.0,
cnomy.com,cnomy.com,21-feb-2021,1613865600.0,
cnomy.com,cnomy.com,21-feb-2021,1613865600.0,
codeads.com,codeads.com,15-nov-2021,1636934400.0,
codeads.com,codeads.com,15-nov-2021,1636934400.0,
coin-hive.com,coin-hive.com,24-aug-2021,1629763200.0,
coin-hive.com,coin-hive.com,24-aug-2021,1629763200.0,
collectiveads.net,collectiveads.net,23-jun-2021,1624406400.0,
collectiveads.net,collectiveads.net,23-jun-2021,1624406400.0,
com.com,com.com,14-apr-2023,1681430400.0,
com.com,com.com,14-apr-2023,1681430400.0,
connatix.com,connatix.com,06-nov-2021,1636156800.0,
connatix.com,connatix.com,06-nov-2021,1636156800.0,
connect5364.com,connect5364.com,29-may-2021,1622246400.0,
connect5364.com,connect5364.com,29-may-2021,1622246400.0,
connectionzone.com,connectionzone.com,29-nov-2021,1638144000.0,
connectionzone.com,connectionzone.com,29-nov-2021,1638144000.0,
connexionsafe.com,connexionsafe.com,09-apr-2021,1617926400.0,
connexionsafe.com,connexionsafe.com,09-apr-2021,1617926400.0,
connexity.net,connexity.net,06-jan-2024,1704499200.0,
connexity.net,connexity.net,06-jan-2024,1704499200.0,
contentwidgets.net,contentwidgets.net,26-sep-2021,1632614400.0,
contentwidgets.net,contentwidgets.net,26-sep-2021,1632614400.0,
coolinc.info,coolinc.info,19-may-2021,1621382400.0,
coolinc.info,coolinc.info,19-may-2021,1621382400.0,
coolwebstats.com,coolwebstats.com,24-mar-2021,1616544000.0,
coolwebstats.com,coolwebstats.com,24-mar-2021,1616544000.0,
coreclickhoo.com,coreclickhoo.com,31-oct-2021,1635638400.0,
coreclickhoo.com,coreclickhoo.com,31-oct-2021,1635638400.0,
count.im,count.im,07-feb-2021,1612656000.0,
count.im,count.im,07-feb-2021,1612656000.0,
cpalead.com,cpalead.com,17-mar-2021,1615939200.0,
cpalead.com,cpalead.com,17-mar-2021,1615939200.0,
cqcounter.com,cqcounter.com,14-mar-2021,1615680000.0,
cqcounter.com,cqcounter.com,14-mar-2021,1615680000.0,
creativecdn.com,creativecdn.com,24-feb-2028,1834963200.0,
creativecdn.com,creativecdn.com,24-feb-2028,1834963200.0,
ctrck.com,ctrck.com,13-aug-2021,1628812800.0,
ctrck.com,ctrck.com,13-aug-2021,1628812800.0,
cttracking08.com,cttracking08.com,07-jul-2021,1625616000.0,
cttracking08.com,cttracking08.com,07-jul-2021,1625616000.0,
daylogs.com,daylogs.com,09-feb-2021,1612828800.0,
daylogs.com,daylogs.com,09-feb-2021,1612828800.0,
de17a.com,de17a.com,16-feb-2021,1613433600.0,
de17a.com,de17a.com,16-feb-2021,1613433600.0,
deostr.com,deostr.com,31-may-2021,1622419200.0,
deostr.com,deostr.com,31-may-2021,1622419200.0,
didtal.com,didtal.com,18-may-2021,1621296000.0,
didtal.com,didtal.com,18-may-2021,1621296000.0,
didtheyreadit.com,didtheyreadit.com,10-sep-2025,1757462400.0,
didtheyreadit.com,didtheyreadit.com,10-sep-2025,1757462400.0,
disqusads.com,disqusads.com,16-dec-2021,1639612800.0,
disqusads.com,disqusads.com,16-dec-2021,1639612800.0,
domainplayersclub.com,domainplayersclub.com,14-jan-2022,1642118400.0,
domainplayersclub.com,domainplayersclub.com,14-jan-2022,1642118400.0,
domainsponsor.com,domainsponsor.com,31-jul-2021,1627689600.0,
domainsponsor.com,domainsponsor.com,31-jul-2021,1627689600.0,
domdex.com,domdex.com,26-aug-2021,1629936000.0,
domdex.com,domdex.com,26-aug-2021,1629936000.0,
doubleclick.com,doubleclick.com,28-may-2021,1622160000.0,
doubleclick.com,doubleclick.com,28-may-2021,1622160000.0,
doubleclick.net,doubleclick.net,17-jan-2021,1610841600.0,
doubleclick.net,doubleclick.net,17-jan-2021,1610841600.0,
doublepimp.com,doublepimp.com,03-jun-2021,1622678400.0,
doublepimp.com,doublepimp.com,03-jun-2021,1622678400.0,
downloadz.us,downloadz.us,16-jun-2022,1655337600.0,
downloadz.us,downloadz.us,16-jun-2022,1655337600.0,
dreamad.org,dreamad.org,30-mar-2021,1617062400.0,
dreamad.org,dreamad.org,30-mar-2021,1617062400.0,
dsparking.com,dsparking.com,25-jul-2021,1627171200.0,
dsparking.com,dsparking.com,25-jul-2021,1627171200.0,
dvdhentai.net,dvdhentai.net,31-oct-2021,1635638400.0,
dvdhentai.net,dvdhentai.net,31-oct-2021,1635638400.0,
eadsrv.com,eadsrv.com,27-feb-2021,1614384000.0,
eadsrv.com,eadsrv.com,27-feb-2021,1614384000.0,
easyadservice.com,easyadservice.com,08-nov-2021,1636329600.0,
easyadservice.com,easyadservice.com,08-nov-2021,1636329600.0,
easyhitcounters.com,easyhitcounters.com,20-feb-2021,1613779200.0,
easyhitcounters.com,easyhitcounters.com,20-feb-2021,1613779200.0,
ebdr2.com,ebdr2.com,18-jun-2021,1623974400.0,
ebdr2.com,ebdr2.com,18-jun-2021,1623974400.0,
ebdr3.com,ebdr3.com,18-jun-2021,1623974400.0,
ebdr3.com,ebdr3.com,18-jun-2021,1623974400.0,
ebocornac.com,ebocornac.com,30-mar-2021,1617062400.0,
ebocornac.com,ebocornac.com,30-mar-2021,1617062400.0,
ebtmarketing.com,ebtmarketing.com,19-sep-2021,1632009600.0,
ebtmarketing.com,ebtmarketing.com,19-sep-2021,1632009600.0,
ecdtrk.com,ecdtrk.com,12-jul-2021,1626048000.0,
ecdtrk.com,ecdtrk.com,12-jul-2021,1626048000.0,
eclkmpbn.com,eclkmpbn.com,15-jun-2021,1623715200.0,
eclkmpbn.com,eclkmpbn.com,15-jun-2021,1623715200.0,
eclkmpsa.com,eclkmpsa.com,15-jun-2021,1623715200.0,
eclkmpsa.com,eclkmpsa.com,15-jun-2021,1623715200.0,
eclkspbn.com,eclkspbn.com,15-jun-2021,1623715200.0,
eclkspbn.com,eclkspbn.com,15-jun-2021,1623715200.0,
eclkspsa.com,eclkspsa.com,15-jun-2021,1623715200.0,
eclkspsa.com,eclkspsa.com,15-jun-2021,1623715200.0,
edmedsnow.com,edmedsnow.com,25-jan-2021,1611532800.0,
edmedsnow.com,edmedsnow.com,25-jan-2021,1611532800.0,
eisenstein.dk,eisenstein.dk,31-mar-2021,1617148800.0,
eisenstein.dk,eisenstein.dk,31-mar-2021,1617148800.0,
ekmas.com,ekmas.com,10-jun-2021,1623283200.0,
ekmas.com,ekmas.com,10-jun-2021,1623283200.0,
electosake.com,electosake.com,27-sep-2021,1632700800.0,
electosake.com,electosake.com,27-sep-2021,1632700800.0,
email-reflex.com,email-reflex.com,26-jan-2021,1611619200.0,
email-reflex.com,email-reflex.com,26-jan-2021,1611619200.0,
entk.net,entk.net,01-nov-2021,1635724800.0,
entk.net,entk.net,01-nov-2021,1635724800.0,
epmads.com,epmads.com,13-oct-2021,1634083200.0,
epmads.com,epmads.com,13-oct-2021,1634083200.0,
errorception.com,errorception.com,30-jul-2021,1627603200.0,
errorception.com,errorception.com,30-jul-2021,1627603200.0,
ertya.com,ertya.com,16-mar-2021,1615852800.0,
ertya.com,ertya.com,16-mar-2021,1615852800.0,
estat.com,estat.com,14-jan-2021,1610582400.0,
estat.com,estat.com,14-jan-2021,1610582400.0,
ex-traffic.com,ex-traffic.com,16-apr-2021,1618531200.0,
ex-traffic.com,ex-traffic.com,16-apr-2021,1618531200.0,
expired-targeted.com,expired-targeted.com,22-aug-2022,1661126400.0,
expired-targeted.com,expired-targeted.com,22-aug-2022,1661126400.0,
expo-max.com,expo-max.com,01-apr-2022,1648771200.0,
expo-max.com,expo-max.com,01-apr-2022,1648771200.0,
extreme-dm.com,extreme-dm.com,29-oct-2021,1635465600.0,
extreme-dm.com,extreme-dm.com,29-oct-2021,1635465600.0,
fastdownload10.com,fastdownload10.com,17-aug-2021,1629158400.0,
fastdownload10.com,fastdownload10.com,17-aug-2021,1629158400.0,
fastnclick.com,fastnclick.com,24-aug-2021,1629763200.0,
fastnclick.com,fastnclick.com,24-aug-2021,1629763200.0,
fastonlineusers.com,fastonlineusers.com,02-jun-2021,1622592000.0,
fastonlineusers.com,fastonlineusers.com,02-jun-2021,1622592000.0,
fastwebcounter.com,fastwebcounter.com,19-may-2021,1621382400.0,
fastwebcounter.com,fastwebcounter.com,19-may-2021,1621382400.0,
feedjit.com,feedjit.com,06-oct-2022,1665014400.0,
feedjit.com,feedjit.com,06-oct-2022,1665014400.0,
femeedia.com,femeedia.com,17-oct-2021,1634428800.0,
femeedia.com,femeedia.com,17-oct-2021,1634428800.0,
findfavour.com,findfavour.com,15-feb-2021,1613347200.0,
findfavour.com,findfavour.com,15-feb-2021,1613347200.0,
flagcounter.com,flagcounter.com,09-jan-2023,1673222400.0,
flagcounter.com,flagcounter.com,09-jan-2023,1673222400.0,
flashadtools.com,flashadtools.com,07-jul-2021,1625616000.0,
flashadtools.com,flashadtools.com,07-jul-2021,1625616000.0,
flashmediaportal.com,flashmediaportal.com,26-oct-2021,1635206400.0,
flashmediaportal.com,flashmediaportal.com,26-oct-2021,1635206400.0,
flttracksecure.com,flttracksecure.com,06-sep-2021,1630886400.0,
flttracksecure.com,flttracksecure.com,06-sep-2021,1630886400.0,
flurry.com,flurry.com,03-may-2021,1620000000.0,
flurry.com,flurry.com,03-may-2021,1620000000.0,
fmsads.com,fmsads.com,23-jan-2021,1611360000.0,
fmsads.com,fmsads.com,23-jan-2021,1611360000.0,
fpctraffic2.com,fpctraffic2.com,23-feb-2022,1645574400.0,
fpctraffic2.com,fpctraffic2.com,23-feb-2022,1645574400.0,
fqtag.com,fqtag.com,16-may-2021,1621123200.0,
fqtag.com,fqtag.com,16-may-2021,1621123200.0,
freakads.com,freakads.com,20-aug-2021,1629417600.0,
freakads.com,freakads.com,20-aug-2021,1629417600.0,
free-stats.com,free-stats.com,27-may-2021,1622073600.0,
free-stats.com,free-stats.com,27-may-2021,1622073600.0,
freegeoip.net,freegeoip.net,26-aug-2021,1629936000.0,
freegeoip.net,freegeoip.net,26-aug-2021,1629936000.0,
freeonlineusers.com,freeonlineusers.com,25-sep-2021,1632528000.0,
freeonlineusers.com,freeonlineusers.com,25-sep-2021,1632528000.0,
freestats.com,freestats.com,05-sep-2021,1630800000.0,
freestats.com,freestats.com,05-sep-2021,1630800000.0,
frontpagecash.com,frontpagecash.com,23-may-2023,1684800000.0,
frontpagecash.com,frontpagecash.com,23-may-2023,1684800000.0,
frtya.com,frtya.com,16-apr-2021,1618531200.0,
frtya.com,frtya.com,16-apr-2021,1618531200.0,
frtyb.com,frtyb.com,16-apr-2021,1618531200.0,
frtyb.com,frtyb.com,16-apr-2021,1618531200.0,
fttcj.com,fttcj.com,18-feb-2021,1613606400.0,
fttcj.com,fttcj.com,18-feb-2021,1613606400.0,
ftvcash.com,ftvcash.com,05-nov-2025,1762300800.0,
ftvcash.com,ftvcash.com,05-nov-2025,1762300800.0,
fwbntw.com,fwbntw.com,18-feb-2021,1613606400.0,
fwbntw.com,fwbntw.com,18-feb-2021,1613606400.0,
gamersad.com,gamersad.com,27-apr-2021,1619481600.0,
gamersad.com,gamersad.com,27-apr-2021,1619481600.0,
gamesiteads.com,gamesiteads.com,27-may-2021,1622073600.0,
gamesiteads.com,gamesiteads.com,27-may-2021,1622073600.0,
gamevance.com,gamevance.com,13-mar-2021,1615593600.0,
gamevance.com,gamevance.com,13-mar-2021,1615593600.0,
gbscript.com,gbscript.com,18-aug-2021,1629244800.0,
gbscript.com,gbscript.com,18-aug-2021,1629244800.0,
gen2server.com,gen2server.com,03-apr-2021,1617408000.0,
gen2server.com,gen2server.com,03-apr-2021,1617408000.0,
geoaddicted.net,geoaddicted.net,05-nov-2021,1636070400.0,
geoaddicted.net,geoaddicted.net,05-nov-2021,1636070400.0,
geoip-db.com,geoip-db.com,05-apr-2021,1617580800.0,
geoip-db.com,geoip-db.com,05-apr-2021,1617580800.0,
getiton.com,getiton.com,04-may-2021,1620086400.0,
getiton.com,getiton.com,04-may-2021,1620086400.0,
getrank.net,getrank.net,16-oct-2021,1634342400.0,
getrank.net,getrank.net,16-oct-2021,1634342400.0,
getrockerbox.com,getrockerbox.com,19-mar-2021,1616112000.0,
getrockerbox.com,getrockerbox.com,19-mar-2021,1616112000.0,
gmdtrk.com,gmdtrk.com,04-aug-2021,1628035200.0,
gmdtrk.com,gmdtrk.com,04-aug-2021,1628035200.0,
go777site.com,go777site.com,08-apr-2021,1617840000.0,
go777site.com,go777site.com,08-apr-2021,1617840000.0,
goclick.com,goclick.com,07-feb-2021,1612656000.0,
goclick.com,goclick.com,07-feb-2021,1612656000.0,
google-analytics.com,google-analytics.com,18-jul-2021,1626566400.0,
google-analytics.com,google-analytics.com,18-jul-2021,1626566400.0,
googlus.com,googlus.com,21-sep-2021,1632182400.0,
googlus.com,googlus.com,21-sep-2021,1632182400.0,
gostats.pl,gostats.pl,18-sep-2021,1631923200.0,
gostats.pl,gostats.pl,18-sep-2021,1631923200.0,
gostats.ru,gostats.ru,18-jul-2021,1626566400.0,
gostats.ru,gostats.ru,18-jul-2021,1626566400.0,
grmtech.net,grmtech.net,16-aug-2021,1629072000.0,
grmtech.net,grmtech.net,16-aug-2021,1629072000.0,
gwmtracking.com,gwmtracking.com,08-aug-2025,1754611200.0,
gwmtracking.com,gwmtracking.com,08-aug-2025,1754611200.0,
hartim.com,hartim.com,29-apr-2021,1619654400.0,
hartim.com,hartim.com,29-apr-2021,1619654400.0,
heapanalytics.com,heapanalytics.com,12-sep-2022,1662940800.0,
heapanalytics.com,heapanalytics.com,12-sep-2022,1662940800.0,
helltraffic.com,helltraffic.com,07-mar-2021,1615075200.0,
helltraffic.com,helltraffic.com,07-mar-2021,1615075200.0,
helpingtrk.com,helpingtrk.com,08-feb-2021,1612742400.0,
helpingtrk.com,helpingtrk.com,08-feb-2021,1612742400.0,
helpmedownload.com,helpmedownload.com,20-mar-2021,1616198400.0,
helpmedownload.com,helpmedownload.com,20-mar-2021,1616198400.0,
herezera.com,herezera.com,12-oct-2021,1633996800.0,
herezera.com,herezera.com,12-oct-2021,1633996800.0,
highpro1.com,highpro1.com,25-may-2022,1653436800.0,
highpro1.com,highpro1.com,25-may-2022,1653436800.0,
hilltopads.net,hilltopads.net,20-jun-2021,1624147200.0,
hilltopads.net,hilltopads.net,20-jun-2021,1624147200.0,
hipersushiads.com,hipersushiads.com,12-jun-2021,1623456000.0,
hipersushiads.com,hipersushiads.com,12-jun-2021,1623456000.0,
hit-now.com,hit-now.com,08-oct-2021,1633651200.0,
hit-now.com,hit-now.com,08-oct-2021,1633651200.0,
hit-parade.com,hit-parade.com,26-jan-2021,1611619200.0,
hit-parade.com,hit-parade.com,26-jan-2021,1611619200.0,
hitmodel.net,hitmodel.net,27-mar-2021,1616803200.0,
hitmodel.net,hitmodel.net,27-mar-2021,1616803200.0,
hitpro.us,hitpro.us,01-sep-2021,1630454400.0,
hitpro.us,hitpro.us,01-sep-2021,1630454400.0,
hitslink.com,hitslink.com,14-nov-2021,1636848000.0,
hitslink.com,hitslink.com,14-nov-2021,1636848000.0,
hitslog.com,hitslog.com,30-oct-2021,1635552000.0,
hitslog.com,hitslog.com,30-oct-2021,1635552000.0,
hitwebcounter.com,hitwebcounter.com,27-mar-2021,1616803200.0,
hitwebcounter.com,hitwebcounter.com,27-mar-2021,1616803200.0,
hookedmediagroup.com,hookedmediagroup.com,02-aug-2021,1627862400.0,
hookedmediagroup.com,hookedmediagroup.com,02-aug-2021,1627862400.0,
hostingprod.com,hostingprod.com,29-oct-2021,1635465600.0,
hostingprod.com,hostingprod.com,29-oct-2021,1635465600.0,
hstpnetwork.com,hstpnetwork.com,25-jun-2021,1624579200.0,
hstpnetwork.com,hstpnetwork.com,25-jun-2021,1624579200.0,
htl.bid,htl.bid,13-jun-2021,1623542400.0,
htl.bid,htl.bid,13-jun-2021,1623542400.0,
hypertracker.com,hypertracker.com,08-apr-2021,1617840000.0,
hypertracker.com,hypertracker.com,08-apr-2021,1617840000.0,
ibmvideo.com,ibmvideo.com,13-sep-2021,1631491200.0,
ibmvideo.com,ibmvideo.com,13-sep-2021,1631491200.0,
id3103.com,id3103.com,05-jun-2021,1622851200.0,
id3103.com,id3103.com,05-jun-2021,1622851200.0,
ideoclick.com,ideoclick.com,02-jan-2029,1862006400.0,
ideoclick.com,ideoclick.com,02-jan-2029,1862006400.0,
ieginc.com,ieginc.com,23-apr-2021,1619136000.0,
ieginc.com,ieginc.com,23-apr-2021,1619136000.0,
ignitad.com,ignitad.com,01-jul-2021,1625097600.0,
ignitad.com,ignitad.com,01-jul-2021,1625097600.0,
immanalytics.com,immanalytics.com,25-sep-2021,1632528000.0,
immanalytics.com,immanalytics.com,25-sep-2021,1632528000.0,
in-appadvertising.com,in-appadvertising.com,28-jan-2024,1706400000.0,
in-appadvertising.com,in-appadvertising.com,28-jan-2024,1706400000.0,
inclk.com,inclk.com,18-apr-2021,1618704000.0,
inclk.com,inclk.com,18-apr-2021,1618704000.0,
inndl.com,inndl.com,29-mar-2021,1616976000.0,
inndl.com,inndl.com,29-mar-2021,1616976000.0,
insightexpresserdd.com,insightexpresserdd.com,02-jun-2021,1622592000.0,
insightexpresserdd.com,insightexpresserdd.com,02-jun-2021,1622592000.0,
inskinad.com,inskinad.com,23-oct-2021,1634947200.0,
inskinad.com,inskinad.com,23-oct-2021,1634947200.0,
intellitxt.com,intellitxt.com,14-feb-2021,1613260800.0,
intellitxt.com,intellitxt.com,14-feb-2021,1613260800.0,
intermediaceli.com,intermediaceli.com,23-aug-2021,1629676800.0,
intermediaceli.com,intermediaceli.com,23-aug-2021,1629676800.0,
internetsecurity.com,internetsecurity.com,16-feb-2021,1613433600.0,
internetsecurity.com,internetsecurity.com,16-feb-2021,1613433600.0,
internettraffic.click,internettraffic.click,06-nov-2021,1636156800.0,
internettraffic.click,internettraffic.click,06-nov-2021,1636156800.0,
ism2trk.com,ism2trk.com,12-oct-2021,1633996800.0,
ism2trk.com,ism2trk.com,12-oct-2021,1633996800.0,
isralink.net,isralink.net,19-feb-2021,1613692800.0,
isralink.net,isralink.net,19-feb-2021,1613692800.0,
itcompany.com,itcompany.com,12-oct-2022,1665532800.0,
itcompany.com,itcompany.com,12-oct-2022,1665532800.0,
jadcenter.com,jadcenter.com,27-aug-2021,1630022400.0,
jadcenter.com,jadcenter.com,27-aug-2021,1630022400.0,
jizzads.com,jizzads.com,21-may-2021,1621555200.0,
jizzads.com,jizzads.com,21-may-2021,1621555200.0,
jsonip.com,jsonip.com,09-nov-2021,1636416000.0,
jsonip.com,jsonip.com,09-nov-2021,1636416000.0,
jwpltx.com,jwpltx.com,14-aug-2021,1628899200.0,
jwpltx.com,jwpltx.com,14-aug-2021,1628899200.0,
k5zoom.com,k5zoom.com,14-may-2021,1620950400.0,
k5zoom.com,k5zoom.com,14-may-2021,1620950400.0,
kaizentraffic.com,kaizentraffic.com,28-feb-2021,1614470400.0,
kaizentraffic.com,kaizentraffic.com,28-feb-2021,1614470400.0,
kazaa.com,kazaa.com,09-jun-2021,1623196800.0,
kazaa.com,kazaa.com,09-jun-2021,1623196800.0,
keywordmax.com,keywordmax.com,14-nov-2021,1636848000.0,
keywordmax.com,keywordmax.com,14-nov-2021,1636848000.0,
kvors.com,kvors.com,13-jun-2021,1623542400.0,
kvors.com,kvors.com,13-jun-2021,1623542400.0,
layer-ad.org,layer-ad.org,22-feb-2022,1645488000.0,
layer-ad.org,layer-ad.org,22-feb-2022,1645488000.0,
lead-123.com,lead-123.com,17-jul-2021,1626480000.0,
lead-123.com,lead-123.com,17-jul-2021,1626480000.0,
letzonke.com,letzonke.com,16-aug-2021,1629072000.0,
letzonke.com,letzonke.com,16-aug-2021,1629072000.0,
lfscpttracking.com,lfscpttracking.com,22-jun-2021,1624320000.0,
lfscpttracking.com,lfscpttracking.com,22-jun-2021,1624320000.0,
link.ru,link.ru,02-may-2021,1619913600.0,
link.ru,link.ru,02-may-2021,1619913600.0,
link4link.com,link4link.com,04-feb-2021,1612396800.0,
link4link.com,link4link.com,04-feb-2021,1612396800.0,
linkbuddies.com,linkbuddies.com,01-jul-2021,1625097600.0,
linkbuddies.com,linkbuddies.com,01-jul-2021,1625097600.0,
linkjumps.com,linkjumps.com,20-apr-2021,1618876800.0,
linkjumps.com,linkjumps.com,20-apr-2021,1618876800.0,
links-and-traffic.com,links-and-traffic.com,01-sep-2021,1630454400.0,
links-and-traffic.com,links-and-traffic.com,01-sep-2021,1630454400.0,
linktarget.com,linktarget.com,27-jun-2021,1624752000.0,
linktarget.com,linktarget.com,27-jun-2021,1624752000.0,
lionstracking.com,lionstracking.com,28-mar-2021,1616889600.0,
lionstracking.com,lionstracking.com,28-mar-2021,1616889600.0,
list.ru,list.ru,01-aug-2021,1627776000.0,
list.ru,list.ru,01-aug-2021,1627776000.0,
lo2.me,lo2.me,30-oct-2021,1635552000.0,
lo2.me,lo2.me,30-oct-2021,1635552000.0,
lognormal.net,lognormal.net,21-oct-2022,1666310400.0,
lognormal.net,lognormal.net,21-oct-2022,1666310400.0,
longtraffic.com,longtraffic.com,11-jun-2021,1623369600.0,
longtraffic.com,longtraffic.com,11-jun-2021,1623369600.0,
luxup.ru,luxup.ru,17-jan-2021,1610841600.0,
luxup.ru,luxup.ru,17-jan-2021,1610841600.0,
lycosu.com,lycosu.com,12-may-2021,1620777600.0,
lycosu.com,lycosu.com,12-may-2021,1620777600.0,
madserver.net,madserver.net,27-jul-2021,1627344000.0,
madserver.net,madserver.net,27-jul-2021,1627344000.0,
marketingenhanced.com,marketingenhanced.com,30-oct-2021,1635552000.0,
marketingenhanced.com,marketingenhanced.com,30-oct-2021,1635552000.0,
mass-traffic.com,mass-traffic.com,29-oct-2021,1635465600.0,
mass-traffic.com,mass-traffic.com,29-oct-2021,1635465600.0,
mastertarget.ru,mastertarget.ru,01-apr-2021,1617235200.0,
mastertarget.ru,mastertarget.ru,01-apr-2021,1617235200.0,
maxtracker.net,maxtracker.net,22-apr-2021,1619049600.0,
maxtracker.net,maxtracker.net,22-apr-2021,1619049600.0,
mbn.com.ua,mbn.com.ua,12-feb-2021,1613088000.0,
mbn.com.ua,mbn.com.ua,12-feb-2021,1613088000.0,
mdnhinc.com,mdnhinc.com,18-nov-2021,1637193600.0,
mdnhinc.com,mdnhinc.com,18-nov-2021,1637193600.0,
media-match.com,media-match.com,25-sep-2022,1664064000.0,
media-match.com,media-match.com,25-sep-2022,1664064000.0,
medleyads.com,medleyads.com,24-oct-2021,1635033600.0,
medleyads.com,medleyads.com,24-oct-2021,1635033600.0,
megapopads.com,megapopads.com,12-jun-2021,1623456000.0,
megapopads.com,megapopads.com,12-jun-2021,1623456000.0,
meiluziai.info,meiluziai.info,26-jan-2021,1611619200.0,
meiluziai.info,meiluziai.info,26-jan-2021,1611619200.0,
metacount.com,metacount.com,16-apr-2021,1618531200.0,
metacount.com,metacount.com,16-apr-2021,1618531200.0,
mixmarket.biz,mixmarket.biz,10-feb-2021,1612915200.0,
mixmarket.biz,mixmarket.biz,10-feb-2021,1612915200.0,
ml314.com,ml314.com,22-apr-2027,1808352000.0,
ml314.com,ml314.com,22-apr-2027,1808352000.0,
mmotraffic.com,mmotraffic.com,22-aug-2021,1629590400.0,
mmotraffic.com,mmotraffic.com,22-aug-2021,1629590400.0,
mmptrack.com,mmptrack.com,06-mar-2021,1614988800.0,
mmptrack.com,mmptrack.com,06-mar-2021,1614988800.0,
mmtrkpy.com,mmtrkpy.com,20-nov-2021,1637366400.0,
mmtrkpy.com,mmtrkpy.com,20-nov-2021,1637366400.0,
mnet-ad.net,mnet-ad.net,22-jan-2021,1611273600.0,
mnet-ad.net,mnet-ad.net,22-jan-2021,1611273600.0,
morehitserver.com,morehitserver.com,19-aug-2021,1629331200.0,
morehitserver.com,morehitserver.com,19-aug-2021,1629331200.0,
mouads.com,mouads.com,21-sep-2021,1632182400.0,
mouads.com,mouads.com,21-sep-2021,1632182400.0,
mouseflow.com,mouseflow.com,06-jun-2024,1717632000.0,
mouseflow.com,mouseflow.com,06-jun-2024,1717632000.0,
mpmotrk.com,mpmotrk.com,13-aug-2021,1628812800.0,
mpmotrk.com,mpmotrk.com,13-aug-2021,1628812800.0,
mprptrk.com,mprptrk.com,13-aug-2021,1628812800.0,
mprptrk.com,mprptrk.com,13-aug-2021,1628812800.0,
mpxxtrk.com,mpxxtrk.com,13-aug-2021,1628812800.0,
mpxxtrk.com,mpxxtrk.com,13-aug-2021,1628812800.0,
ms-mvp.org,ms-mvp.org,22-feb-2022,1645488000.0,
ms-mvp.org,ms-mvp.org,22-feb-2022,1645488000.0,
msgtag.com,msgtag.com,07-mar-2021,1615075200.0,
msgtag.com,msgtag.com,07-mar-2021,1615075200.0,
mtree.com,mtree.com,01-oct-2021,1633046400.0,
mtree.com,mtree.com,01-oct-2021,1633046400.0,
multioptik.com,multioptik.com,12-may-2021,1620777600.0,
multioptik.com,multioptik.com,12-may-2021,1620777600.0,
multipops.com,multipops.com,20-oct-2021,1634688000.0,
multipops.com,multipops.com,20-oct-2021,1634688000.0,
musicmembersarea.com,musicmembersarea.com,26-apr-2021,1619395200.0,
musicmembersarea.com,musicmembersarea.com,26-apr-2021,1619395200.0,
mydati.com,mydati.com,21-aug-2021,1629504000.0,
mydati.com,mydati.com,21-aug-2021,1629504000.0,
mysearch-engine.com,mysearch-engine.com,30-aug-2021,1630281600.0,
mysearch-engine.com,mysearch-engine.com,30-aug-2021,1630281600.0,
mysearchweb.net,mysearchweb.net,11-aug-2021,1628640000.0,
mysearchweb.net,mysearchweb.net,11-aug-2021,1628640000.0,
mytraf.ru,mytraf.ru,13-apr-2021,1618272000.0,
mytraf.ru,mytraf.ru,13-apr-2021,1618272000.0,
mywebsearch.com,mywebsearch.com,10-dec-2021,1639094400.0,
mywebsearch.com,mywebsearch.com,10-dec-2021,1639094400.0,
n214adserv.com,n214adserv.com,28-may-2021,1622160000.0,
n214adserv.com,n214adserv.com,28-may-2021,1622160000.0,
naughtyadserve.com,naughtyadserve.com,20-nov-2021,1637366400.0,
naughtyadserve.com,naughtyadserve.com,20-nov-2021,1637366400.0,
navdmp.com,navdmp.com,20-apr-2021,1618876800.0,
navdmp.com,navdmp.com,20-apr-2021,1618876800.0,
nbrtrack.com,nbrtrack.com,19-jan-2021,1611014400.0,
nbrtrack.com,nbrtrack.com,19-jan-2021,1611014400.0,
ndparking.com,ndparking.com,26-apr-2021,1619395200.0,
ndparking.com,ndparking.com,26-apr-2021,1619395200.0,
neki.org,neki.org,07-sep-2021,1630972800.0,
neki.org,neki.org,07-sep-2021,1630972800.0,
netclickstats.com,netclickstats.com,02-may-2021,1619913600.0,
netclickstats.com,netclickstats.com,02-may-2021,1619913600.0,
ngacm.com,ngacm.com,17-may-2021,1621209600.0,
ngacm.com,ngacm.com,17-may-2021,1621209600.0,
ngastatic.com,ngastatic.com,04-mar-2021,1614816000.0,
ngastatic.com,ngastatic.com,04-mar-2021,1614816000.0,
nsrecord.org,nsrecord.org,02-nov-2021,1635811200.0,
nsrecord.org,nsrecord.org,02-nov-2021,1635811200.0,
ntkrnlpa.info,ntkrnlpa.info,18-may-2021,1621296000.0,
ntkrnlpa.info,ntkrnlpa.info,18-may-2021,1621296000.0,
ntlligent.info,ntlligent.info,21-feb-2021,1613865600.0,
ntlligent.info,ntlligent.info,21-feb-2021,1613865600.0,
nxtck.com,nxtck.com,23-feb-2021,1614038400.0,
nxtck.com,nxtck.com,23-feb-2021,1614038400.0,
o-oe.com,o-oe.com,11-nov-2021,1636588800.0,
o-oe.com,o-oe.com,11-nov-2021,1636588800.0,
oamtrk.com,oamtrk.com,30-oct-2021,1635552000.0,
oamtrk.com,oamtrk.com,30-oct-2021,1635552000.0,
obeus.com,obeus.com,16-aug-2021,1629072000.0,
obeus.com,obeus.com,16-aug-2021,1629072000.0,
ocxxx.com,ocxxx.com,21-may-2021,1621555200.0,
ocxxx.com,ocxxx.com,21-may-2021,1621555200.0,
onclickads.net,onclickads.net,03-jun-2021,1622678400.0,
onclickads.net,onclickads.net,03-jun-2021,1622678400.0,
onclkds.com,onclkds.com,26-oct-2021,1635206400.0,
onclkds.com,onclkds.com,26-oct-2021,1635206400.0,
onesignal.com,onesignal.com,10-sep-2024,1725926400.0,
onesignal.com,onesignal.com,10-sep-2024,1725926400.0,
opendownloadmanager.com,opendownloadmanager.com,17-feb-2021,1613520000.0,
opendownloadmanager.com,opendownloadmanager.com,17-feb-2021,1613520000.0,
opensharecount.com,opensharecount.com,04-nov-2021,1635984000.0,
opensharecount.com,opensharecount.com,04-nov-2021,1635984000.0,
opensoftwareupdate.com,opensoftwareupdate.com,21-feb-2021,1613865600.0,
opensoftwareupdate.com,opensoftwareupdate.com,21-feb-2021,1613865600.0,
opensoftwareupdater.com,opensoftwareupdater.com,21-feb-2021,1613865600.0,
opensoftwareupdater.com,opensoftwareupdater.com,21-feb-2021,1613865600.0,
otclick-adv.ru,otclick-adv.ru,17-feb-2021,1613520000.0,
otclick-adv.ru,otclick-adv.ru,17-feb-2021,1613520000.0,
otherprofit.com,otherprofit.com,31-jan-2021,1612051200.0,
otherprofit.com,otherprofit.com,31-jan-2021,1612051200.0,
outwar.com,outwar.com,30-oct-2021,1635552000.0,
outwar.com,outwar.com,30-oct-2021,1635552000.0,
oxcash.com,oxcash.com,18-may-2021,1621296000.0,
oxcash.com,oxcash.com,18-may-2021,1621296000.0,
oxybe.com,oxybe.com,19-jul-2021,1626652800.0,
oxybe.com,oxybe.com,19-jul-2021,1626652800.0,
ozertesa.com,ozertesa.com,07-aug-2021,1628294400.0,
ozertesa.com,ozertesa.com,07-aug-2021,1628294400.0,
pagefair.com,pagefair.com,11-jun-2021,1623369600.0,
pagefair.com,pagefair.com,11-jun-2021,1623369600.0,
paidstats.com,paidstats.com,09-nov-2021,1636416000.0,
paidstats.com,paidstats.com,09-nov-2021,1636416000.0,
paime.com,paime.com,25-jan-2021,1611532800.0,
paime.com,paime.com,25-jan-2021,1611532800.0,
parkingcrew.net,parkingcrew.net,24-jan-2021,1611446400.0,
parkingcrew.net,parkingcrew.net,24-jan-2021,1611446400.0,
partnerearning.com,partnerearning.com,14-jan-2021,1610582400.0,
partnerearning.com,partnerearning.com,14-jan-2021,1610582400.0,
paulsnetwork.com,paulsnetwork.com,28-mar-2021,1616889600.0,
paulsnetwork.com,paulsnetwork.com,28-mar-2021,1616889600.0,
pcmightymax.net,pcmightymax.net,05-mar-2021,1614902400.0,
pcmightymax.net,pcmightymax.net,05-mar-2021,1614902400.0,
peakclick.com,peakclick.com,27-oct-2021,1635292800.0,
peakclick.com,peakclick.com,27-oct-2021,1635292800.0,
peerfly.com,peerfly.com,12-sep-2022,1662940800.0,
peerfly.com,peerfly.com,12-sep-2022,1662940800.0,
pepipo.com,pepipo.com,15-sep-2021,1631664000.0,
pepipo.com,pepipo.com,15-sep-2021,1631664000.0,
petrenko.biz,petrenko.biz,16-feb-2021,1613433600.0,
petrenko.biz,petrenko.biz,16-feb-2021,1613433600.0,
petsmovies.com,petsmovies.com,22-aug-2021,1629590400.0,
petsmovies.com,petsmovies.com,22-aug-2021,1629590400.0,
pgssl.com,pgssl.com,09-dec-2021,1639008000.0,
pgssl.com,pgssl.com,09-dec-2021,1639008000.0,
pharmacyrxone.com,pharmacyrxone.com,13-nov-2021,1636761600.0,
pharmacyrxone.com,pharmacyrxone.com,13-nov-2021,1636761600.0,
php4you.biz,php4you.biz,10-aug-2021,1628553600.0,
php4you.biz,php4you.biz,10-aug-2021,1628553600.0,
pingomatic.com,pingomatic.com,22-mar-2021,1616371200.0,
pingomatic.com,pingomatic.com,22-mar-2021,1616371200.0,
piwik.org,piwik.org,18-jul-2024,1721260800.0,
piwik.org,piwik.org,18-jul-2024,1721260800.0,
pixel.watch,pixel.watch,18-sep-2021,1631923200.0,
pixel.watch,pixel.watch,18-sep-2021,1631923200.0,
pixxur.com,pixxur.com,24-apr-2021,1619222400.0,
pixxur.com,pixxur.com,24-apr-2021,1619222400.0,
pkpojhc.com,pkpojhc.com,19-nov-2021,1637280000.0,
pkpojhc.com,pkpojhc.com,19-nov-2021,1637280000.0,
pointroll.com,pointroll.com,03-mar-2021,1614729600.0,
pointroll.com,pointroll.com,03-mar-2021,1614729600.0,
popadscdn.net,popadscdn.net,15-sep-2021,1631664000.0,
popadscdn.net,popadscdn.net,15-sep-2021,1631664000.0,
popcash.net,popcash.net,13-aug-2022,1660348800.0,
popcash.net,popcash.net,13-aug-2022,1660348800.0,
popcounter.com,popcounter.com,29-apr-2021,1619654400.0,
popcounter.com,popcounter.com,29-apr-2021,1619654400.0,
popmyads.com,popmyads.com,12-feb-2021,1613088000.0,
popmyads.com,popmyads.com,12-feb-2021,1613088000.0,
poponclick.com,poponclick.com,08-mar-2021,1615161600.0,
poponclick.com,poponclick.com,08-mar-2021,1615161600.0,
popunder.com,popunder.com,25-oct-2021,1635120000.0,
popunder.com,popunder.com,25-oct-2021,1635120000.0,
popunder.net,popunder.net,31-mar-2021,1617148800.0,
popunder.net,popunder.net,31-mar-2021,1617148800.0,
popupmoney.com,popupmoney.com,29-may-2021,1622246400.0,
popupmoney.com,popupmoney.com,29-may-2021,1622246400.0,
porntraff.com,porntraff.com,08-may-2022,1651968000.0,
porntraff.com,porntraff.com,08-may-2022,1651968000.0,
pr-cy.ru,pr-cy.ru,19-oct-2021,1634601600.0,
pr-cy.ru,pr-cy.ru,19-oct-2021,1634601600.0,
primosearch.com,primosearch.com,26-aug-2021,1629936000.0,
primosearch.com,primosearch.com,26-aug-2021,1629936000.0,
privatamateure.com,privatamateure.com,18-aug-2021,1629244800.0,
privatamateure.com,privatamateure.com,18-aug-2021,1629244800.0,
profitshare.ro,profitshare.ro,21-jul-2021,1626825600.0,
profitshare.ro,profitshare.ro,21-jul-2021,1626825600.0,
propellerpops.com,propellerpops.com,20-apr-2021,1618876800.0,
propellerpops.com,propellerpops.com,20-apr-2021,1618876800.0,
protect-x.com,protect-x.com,15-sep-2021,1631664000.0,
protect-x.com,protect-x.com,15-sep-2021,1631664000.0,
protizer.ru,protizer.ru,28-jul-2021,1627430400.0,
protizer.ru,protizer.ru,28-jul-2021,1627430400.0,
prpops.com,prpops.com,02-feb-2021,1612224000.0,
prpops.com,prpops.com,02-feb-2021,1612224000.0,
prscripts.com,prscripts.com,02-feb-2021,1612224000.0,
prscripts.com,prscripts.com,02-feb-2021,1612224000.0,
pubted.com,pubted.com,05-jul-2021,1625443200.0,
pubted.com,pubted.com,05-jul-2021,1625443200.0,
pulsix.com,pulsix.com,04-feb-2021,1612396800.0,
pulsix.com,pulsix.com,04-feb-2021,1612396800.0,
pureadexchange.com,pureadexchange.com,27-apr-2021,1619481600.0,
pureadexchange.com,pureadexchange.com,27-apr-2021,1619481600.0,
pureleads.com,pureleads.com,22-jan-2021,1611273600.0,
pureleads.com,pureleads.com,22-jan-2021,1611273600.0,
pwrfcia.com,pwrfcia.com,21-apr-2021,1618963200.0,
pwrfcia.com,pwrfcia.com,21-apr-2021,1618963200.0,
q1mediahydraplatform.com,q1mediahydraplatform.com,20-jun-2021,1624147200.0,
q1mediahydraplatform.com,q1mediahydraplatform.com,20-jun-2021,1624147200.0,
qikdownloads.com,qikdownloads.com,27-jun-2021,1624752000.0,
qikdownloads.com,qikdownloads.com,27-jun-2021,1624752000.0,
quantserve.com,quantserve.com,20-jun-2022,1655683200.0,
quantserve.com,quantserve.com,20-jun-2022,1655683200.0,
quik2link.com,quik2link.com,09-sep-2021,1631145600.0,
quik2link.com,quik2link.com,09-sep-2021,1631145600.0,
quinst.com,quinst.com,15-feb-2021,1613347200.0,
quinst.com,quinst.com,15-feb-2021,1613347200.0,
radarurl.com,radarurl.com,07-feb-2021,1612656000.0,
radarurl.com,radarurl.com,07-feb-2021,1612656000.0,
rb-net.com,rb-net.com,28-mar-2021,1616889600.0,
rb-net.com,rb-net.com,28-mar-2021,1616889600.0,
rd-direct.com,rd-direct.com,10-nov-2021,1636502400.0,
rd-direct.com,rd-direct.com,10-nov-2021,1636502400.0,
reactads.com,reactads.com,01-feb-2023,1675209600.0,
reactads.com,reactads.com,01-feb-2023,1675209600.0,
realbannerads.com,realbannerads.com,14-feb-2021,1613260800.0,
realbannerads.com,realbannerads.com,14-feb-2021,1613260800.0,
realtimeads.com,realtimeads.com,12-jun-2021,1623456000.0,
realtimeads.com,realtimeads.com,12-jun-2021,1623456000.0,
redemptionengine.com,redemptionengine.com,21-aug-2021,1629504000.0,
redemptionengine.com,redemptionengine.com,21-aug-2021,1629504000.0,
redirect.com,redirect.com,10-aug-2021,1628553600.0,
redirect.com,redirect.com,10-aug-2021,1628553600.0,
redirectcpv.com,redirectcpv.com,22-aug-2021,1629590400.0,
redirectcpv.com,redirectcpv.com,22-aug-2021,1629590400.0,
redroomnetwork.com,redroomnetwork.com,18-aug-2022,1660780800.0,
redroomnetwork.com,redroomnetwork.com,18-aug-2022,1660780800.0,
reklamanet.net,reklamanet.net,14-may-2021,1620950400.0,
reklamanet.net,reklamanet.net,14-may-2021,1620950400.0,
relestar.com,relestar.com,30-mar-2021,1617062400.0,
relestar.com,relestar.com,30-mar-2021,1617062400.0,
relevantknowledge.com,relevantknowledge.com,17-oct-2021,1634428800.0,
relevantknowledge.com,relevantknowledge.com,17-oct-2021,1634428800.0,
republer.com,republer.com,15-jan-2021,1610668800.0,
republer.com,republer.com,15-jan-2021,1610668800.0,
restore-pc.com,restore-pc.com,22-apr-2021,1619049600.0,
restore-pc.com,restore-pc.com,22-apr-2021,1619049600.0,
retracker.com,retracker.com,29-sep-2021,1632873600.0,
retracker.com,retracker.com,29-sep-2021,1632873600.0,
revcontent.com,revcontent.com,29-apr-2021,1619654400.0,
revcontent.com,revcontent.com,29-apr-2021,1619654400.0,
revenue.com,revenue.com,17-aug-2026,1786924800.0,
revenue.com,revenue.com,17-aug-2026,1786924800.0,
rhtag.com,rhtag.com,18-apr-2021,1618704000.0,
rhtag.com,rhtag.com,18-apr-2021,1618704000.0,
richmedia247.com,richmedia247.com,03-jul-2021,1625270400.0,
richmedia247.com,richmedia247.com,03-jul-2021,1625270400.0,
rivasearchpage.com,rivasearchpage.com,28-aug-2021,1630108800.0,
rivasearchpage.com,rivasearchpage.com,28-aug-2021,1630108800.0,
ro2.biz,ro2.biz,03-jun-2021,1622678400.0,
ro2.biz,ro2.biz,03-jun-2021,1622678400.0,
rtrgt2.com,rtrgt2.com,28-nov-2021,1638057600.0,
rtrgt2.com,rtrgt2.com,28-nov-2021,1638057600.0,
rubanners.com,rubanners.com,04-jul-2021,1625356800.0,
rubanners.com,rubanners.com,04-jul-2021,1625356800.0,
rutrk.org,rutrk.org,15-mar-2026,1773532800.0,
rutrk.org,rutrk.org,15-mar-2026,1773532800.0,
s4le.net,s4le.net,21-oct-2021,1634774400.0,
s4le.net,s4le.net,21-oct-2021,1634774400.0,
savvyads.com,savvyads.com,22-jul-2021,1626912000.0,
savvyads.com,savvyads.com,22-jul-2021,1626912000.0,
seaofads.com,seaofads.com,22-may-2021,1621641600.0,
seaofads.com,seaofads.com,22-may-2021,1621641600.0,
search.in,search.in,16-feb-2021,1613433600.0,
search.in,search.in,16-feb-2021,1613433600.0,
search2007.info,search2007.info,30-jan-2021,1611964800.0,
search2007.info,search2007.info,30-jan-2021,1611964800.0,
searchdiscovered.com,searchdiscovered.com,19-mar-2021,1616112000.0,
searchdiscovered.com,searchdiscovered.com,19-mar-2021,1616112000.0,
searchfwding.com,searchfwding.com,13-may-2021,1620864000.0,
searchfwding.com,searchfwding.com,13-may-2021,1620864000.0,
searchignited.com,searchignited.com,26-may-2021,1621987200.0,
searchignited.com,searchignited.com,26-may-2021,1621987200.0,
searchmagnified.com,searchmagnified.com,13-nov-2021,1636761600.0,
searchmagnified.com,searchmagnified.com,13-nov-2021,1636761600.0,
searchnigeria.net,searchnigeria.net,28-nov-2021,1638057600.0,
searchnigeria.net,searchnigeria.net,28-nov-2021,1638057600.0,
searchtoexplore.com,searchtoexplore.com,13-may-2021,1620864000.0,
searchtoexplore.com,searchtoexplore.com,13-may-2021,1620864000.0,
sebcotrk.com,sebcotrk.com,18-nov-2021,1637193600.0,
sebcotrk.com,sebcotrk.com,18-nov-2021,1637193600.0,
secureredirect101.com,secureredirect101.com,28-sep-2021,1632787200.0,
secureredirect101.com,secureredirect101.com,28-sep-2021,1632787200.0,
sedoparking.com,sedoparking.com,18-sep-2021,1631923200.0,
sedoparking.com,sedoparking.com,18-sep-2021,1631923200.0,
seekbang.com,seekbang.com,21-apr-2021,1618963200.0,
seekbang.com,seekbang.com,21-apr-2021,1618963200.0,
seethisinaction.com,seethisinaction.com,23-apr-2021,1619136000.0,
seethisinaction.com,seethisinaction.com,23-apr-2021,1619136000.0,
sensic.net,sensic.net,19-feb-2021,1613692800.0,
sensic.net,sensic.net,19-feb-2021,1613692800.0,
servedbyadbutler.com,servedbyadbutler.com,24-oct-2021,1635033600.0,
servedbyadbutler.com,servedbyadbutler.com,24-oct-2021,1635033600.0,
sextracker.com,sextracker.com,06-mar-2021,1614988800.0,
sextracker.com,sextracker.com,06-mar-2021,1614988800.0,
shareaholic.com,shareaholic.com,21-jun-2021,1624233600.0,
shareaholic.com,shareaholic.com,21-jun-2021,1624233600.0,
shareasale.com,shareasale.com,25-jan-2021,1611532800.0,
shareasale.com,shareasale.com,25-jan-2021,1611532800.0,
simplehitcounter.com,simplehitcounter.com,12-jun-2021,1623456000.0,
simplehitcounter.com,simplehitcounter.com,12-jun-2021,1623456000.0,
siteimproveanalytics.com,siteimproveanalytics.com,26-feb-2024,1708905600.0,
siteimproveanalytics.com,siteimproveanalytics.com,26-feb-2024,1708905600.0,
sitestats.com,sitestats.com,03-sep-2021,1630627200.0,
sitestats.com,sitestats.com,03-sep-2021,1630627200.0,
sitetracker.com,sitetracker.com,28-apr-2021,1619568000.0,
sitetracker.com,sitetracker.com,28-apr-2021,1619568000.0,
sixsigmatraffic.com,sixsigmatraffic.com,22-jan-2021,1611273600.0,
sixsigmatraffic.com,sixsigmatraffic.com,22-jan-2021,1611273600.0,
smaato.net,smaato.net,16-may-2021,1621123200.0,
smaato.net,smaato.net,16-may-2021,1621123200.0,
smartxads.com,smartxads.com,08-sep-2021,1631059200.0,
smartxads.com,smartxads.com,08-sep-2021,1631059200.0,
socialspark.com,socialspark.com,30-oct-2021,1635552000.0,
socialspark.com,socialspark.com,30-oct-2021,1635552000.0,
softwareupdaterlp.com,softwareupdaterlp.com,02-sep-2021,1630540800.0,
softwareupdaterlp.com,softwareupdaterlp.com,02-sep-2021,1630540800.0,
spamnuker.com,spamnuker.com,06-feb-2021,1612569600.0,
spamnuker.com,spamnuker.com,06-feb-2021,1612569600.0,
specificmedia.com,specificmedia.com,07-may-2021,1620345600.0,
specificmedia.com,specificmedia.com,07-may-2021,1620345600.0,
speediest.net,speediest.net,22-may-2021,1621641600.0,
speediest.net,speediest.net,22-may-2021,1621641600.0,
spotsniper.ru,spotsniper.ru,04-may-2021,1620086400.0,
spotsniper.ru,spotsniper.ru,04-may-2021,1620086400.0,
spylog.com,spylog.com,15-oct-2021,1634256000.0,
spylog.com,spylog.com,15-oct-2021,1634256000.0,
srv2trking.com,srv2trking.com,27-jun-2022,1656288000.0,
srv2trking.com,srv2trking.com,27-jun-2022,1656288000.0,
srvpub.com,srvpub.com,19-nov-2021,1637280000.0,
srvpub.com,srvpub.com,19-nov-2021,1637280000.0,
stabx.net,stabx.net,28-may-2021,1622160000.0,
stabx.net,stabx.net,28-may-2021,1622160000.0,
statistik-gallup.net,statistik-gallup.net,14-jan-2021,1610582400.0,
statistik-gallup.net,statistik-gallup.net,14-jan-2021,1610582400.0,
statistiq.com,statistiq.com,11-jul-2021,1625961600.0,
statistiq.com,statistiq.com,11-jul-2021,1625961600.0,
stepnation.com,stepnation.com,11-aug-2022,1660176000.0,
stepnation.com,stepnation.com,11-aug-2022,1660176000.0,
straightresults.com,straightresults.com,10-mar-2021,1615334400.0,
straightresults.com,straightresults.com,10-mar-2021,1615334400.0,
streamate.com,streamate.com,17-jun-2021,1623888000.0,
streamate.com,streamate.com,17-jun-2021,1623888000.0,
sureads.com,sureads.com,07-feb-2021,1612656000.0,
sureads.com,sureads.com,07-feb-2021,1612656000.0,
swtkes.com,swtkes.com,03-nov-2022,1667433600.0,
swtkes.com,swtkes.com,03-nov-2022,1667433600.0,
t2lgo.com,t2lgo.com,25-jan-2021,1611532800.0,
t2lgo.com,t2lgo.com,25-jan-2021,1611532800.0,
tackthisclick.com,tackthisclick.com,16-oct-2021,1634342400.0,
tackthisclick.com,tackthisclick.com,16-oct-2021,1634342400.0,
taffr.com,taffr.com,12-aug-2021,1628726400.0,
taffr.com,taffr.com,12-aug-2021,1628726400.0,
talkaxis.com,talkaxis.com,07-mar-2021,1615075200.0,
talkaxis.com,talkaxis.com,07-mar-2021,1615075200.0,
tamprc.com,tamprc.com,12-aug-2021,1628726400.0,
tamprc.com,tamprc.com,12-aug-2021,1628726400.0,
tcgtrkr.com,tcgtrkr.com,28-mar-2022,1648425600.0,
tcgtrkr.com,tcgtrkr.com,28-mar-2022,1648425600.0,
textad.net,textad.net,28-mar-2021,1616889600.0,
textad.net,textad.net,28-mar-2021,1616889600.0,
tgptraffic.biz,tgptraffic.biz,02-apr-2021,1617321600.0,
tgptraffic.biz,tgptraffic.biz,02-apr-2021,1617321600.0,
the-best-track.com,the-best-track.com,19-may-2023,1684454400.0,
the-best-track.com,the-best-track.com,19-may-2023,1684454400.0,
thelocalsearchnetwork.com,thelocalsearchnetwork.com,30-jun-2021,1625011200.0,
thelocalsearchnetwork.com,thelocalsearchnetwork.com,30-jun-2021,1625011200.0,
thesearchagency.net,thesearchagency.net,27-mar-2021,1616803200.0,
thesearchagency.net,thesearchagency.net,27-mar-2021,1616803200.0,
theshemalesurvey.com,theshemalesurvey.com,29-apr-2021,1619654400.0,
theshemalesurvey.com,theshemalesurvey.com,29-apr-2021,1619654400.0,
thesurfshield.com,thesurfshield.com,06-jun-2021,1622937600.0,
thesurfshield.com,thesurfshield.com,06-jun-2021,1622937600.0,
tmserver-1.com,tmserver-1.com,31-oct-2021,1635638400.0,
tmserver-1.com,tmserver-1.com,31-oct-2021,1635638400.0,
tns-counter.ru,tns-counter.ru,19-feb-2021,1613692800.0,
tns-counter.ru,tns-counter.ru,19-feb-2021,1613692800.0,
toon-families.com,toon-families.com,28-aug-2021,1630108800.0,
toon-families.com,toon-families.com,28-aug-2021,1630108800.0,
toonfamilies.net,toonfamilies.net,02-oct-2021,1633132800.0,
toonfamilies.net,toonfamilies.net,02-oct-2021,1633132800.0,
topeuro.biz,topeuro.biz,12-mar-2021,1615507200.0,
topeuro.biz,topeuro.biz,12-mar-2021,1615507200.0,
topqualitylink.com,topqualitylink.com,29-oct-2021,1635465600.0,
topqualitylink.com,topqualitylink.com,29-oct-2021,1635465600.0,
trackaffpix.com,trackaffpix.com,04-apr-2021,1617494400.0,
trackaffpix.com,trackaffpix.com,04-apr-2021,1617494400.0,
trackalyzer.com,trackalyzer.com,02-apr-2021,1617321600.0,
trackalyzer.com,trackalyzer.com,02-apr-2021,1617321600.0,
trackcmp.net,trackcmp.net,31-jul-2021,1627689600.0,
trackcmp.net,trackcmp.net,31-jul-2021,1627689600.0,
tracki112.com,tracki112.com,19-nov-2021,1637280000.0,
tracki112.com,tracki112.com,19-nov-2021,1637280000.0,
trackingclicks.xyz,trackingclicks.xyz,19-may-2021,1621382400.0,
trackingclicks.xyz,trackingclicks.xyz,19-may-2021,1621382400.0,
tracksitetraffic1.com,tracksitetraffic1.com,06-sep-2021,1630886400.0,
tracksitetraffic1.com,tracksitetraffic1.com,06-sep-2021,1630886400.0,
tracksy.com,tracksy.com,23-may-2021,1621728000.0,
tracksy.com,tracksy.com,23-may-2021,1621728000.0,
traffic-offers.com,traffic-offers.com,02-jul-2021,1625184000.0,
traffic-offers.com,traffic-offers.com,02-jul-2021,1625184000.0,
traffic.ru,traffic.ru,02-jul-2021,1625184000.0,
traffic.ru,traffic.ru,02-jul-2021,1625184000.0,
trafficads.com,trafficads.com,09-mar-2021,1615248000.0,
trafficads.com,trafficads.com,09-mar-2021,1615248000.0,
trafficg.com,trafficg.com,12-sep-2021,1631404800.0,
trafficg.com,trafficg.com,12-sep-2021,1631404800.0,
traktum.com,traktum.com,18-jan-2028,1831766400.0,
traktum.com,traktum.com,18-jan-2028,1831766400.0,
treasuredata.com,treasuredata.com,29-mar-2021,1616976000.0,
treasuredata.com,treasuredata.com,29-mar-2021,1616976000.0,
tribalfusion.com,tribalfusion.com,10-sep-2028,1852156800.0,
tribalfusion.com,tribalfusion.com,10-sep-2028,1852156800.0,
trustgauge.com,trustgauge.com,22-may-2021,1621641600.0,
trustgauge.com,trustgauge.com,22-may-2021,1621641600.0,
trw12.com,trw12.com,29-oct-2021,1635465600.0,
trw12.com,trw12.com,29-oct-2021,1635465600.0,
twittercounter.com,twittercounter.com,27-may-2021,1622073600.0,
twittercounter.com,twittercounter.com,27-may-2021,1622073600.0,
tx2.ru,tx2.ru,05-feb-2021,1612483200.0,
tx2.ru,tx2.ru,05-feb-2021,1612483200.0,
uadx.com,uadx.com,29-jul-2021,1627516800.0,
uadx.com,uadx.com,29-jul-2021,1627516800.0,
uberads.net,uberads.net,01-nov-2021,1635724800.0,
uberads.net,uberads.net,01-nov-2021,1635724800.0,
udmserve.net,udmserve.net,24-apr-2023,1682294400.0,
udmserve.net,udmserve.net,24-apr-2023,1682294400.0,
ukrbanner.net,ukrbanner.net,20-mar-2021,1616198400.0,
ukrbanner.net,ukrbanner.net,20-mar-2021,1616198400.0,
undertonenetworks.com,undertonenetworks.com,11-jun-2021,1623369600.0,
undertonenetworks.com,undertonenetworks.com,11-jun-2021,1623369600.0,
uppyads.com,uppyads.com,21-oct-2021,1634774400.0,
uppyads.com,uppyads.com,21-oct-2021,1634774400.0,
urlstats.com,urlstats.com,24-jun-2021,1624492800.0,
urlstats.com,urlstats.com,24-jun-2021,1624492800.0,
uroffer.link,uroffer.link,06-jun-2021,1622937600.0,
uroffer.link,uroffer.link,06-jun-2021,1622937600.0,
usachoice.net,usachoice.net,22-may-2022,1653177600.0,
usachoice.net,usachoice.net,22-may-2022,1653177600.0,
usadserver.com,usadserver.com,31-dec-2021,1640908800.0,
usadserver.com,usadserver.com,31-dec-2021,1640908800.0,
vclicks.net,vclicks.net,22-aug-2021,1629590400.0,
vclicks.net,vclicks.net,22-aug-2021,1629590400.0,
vdhu.com,vdhu.com,23-jan-2021,1611360000.0,
vdhu.com,vdhu.com,23-jan-2021,1611360000.0,
vibrantmedia.com,vibrantmedia.com,10-feb-2021,1612915200.0,
vibrantmedia.com,vibrantmedia.com,10-feb-2021,1612915200.0,
videe.tv,videe.tv,17-oct-2021,1634428800.0,
videe.tv,videe.tv,17-oct-2021,1634428800.0,
video-pomp.com,video-pomp.com,28-jun-2021,1624838400.0,
video-pomp.com,video-pomp.com,28-jun-2021,1624838400.0,
vmn.net,vmn.net,09-feb-2021,1612828800.0,
vmn.net,vmn.net,09-feb-2021,1612828800.0,
vpnaffiliates.com,vpnaffiliates.com,11-oct-2025,1760140800.0,
vpnaffiliates.com,vpnaffiliates.com,11-oct-2025,1760140800.0,
vq918450.com,vq918450.com,11-aug-2021,1628640000.0,
vq918450.com,vq918450.com,11-aug-2021,1628640000.0,
w-tres.info,w-tres.info,05-nov-2021,1636070400.0,
w-tres.info,w-tres.info,05-nov-2021,1636070400.0,
w55c.net,w55c.net,13-may-2026,1778630400.0,
w55c.net,w55c.net,13-may-2026,1778630400.0,
web-stat.com,web-stat.com,08-feb-2021,1612742400.0,
web-stat.com,web-stat.com,08-feb-2021,1612742400.0,
webalize.net,webalize.net,07-feb-2021,1612656000.0,
webalize.net,webalize.net,07-feb-2021,1612656000.0,
webcashmaker.com,webcashmaker.com,16-feb-2021,1613433600.0,
webcashmaker.com,webcashmaker.com,16-feb-2021,1613433600.0,
webclients.net,webclients.net,26-oct-2021,1635206400.0,
webclients.net,webclients.net,26-oct-2021,1635206400.0,
webconnect.net,webconnect.net,22-oct-2021,1634860800.0,
webconnect.net,webconnect.net,22-oct-2021,1634860800.0,
webgozar.com,webgozar.com,16-mar-2021,1615852800.0,
webgozar.com,webgozar.com,16-mar-2021,1615852800.0,
webtrendslive.com,webtrendslive.com,09-sep-2021,1631145600.0,
webtrendslive.com,webtrendslive.com,09-sep-2021,1631145600.0,
whatseek.com,whatseek.com,03-aug-2021,1627948800.0,
whatseek.com,whatseek.com,03-aug-2021,1627948800.0,
win-spy.com,win-spy.com,02-aug-2021,1627862400.0,
win-spy.com,win-spy.com,02-aug-2021,1627862400.0,
window1.com,window1.com,08-feb-2021,1612742400.0,
window1.com,window1.com,08-feb-2021,1612742400.0,
wm-goldenclick.ru,wm-goldenclick.ru,06-sep-2021,1630886400.0,
wm-goldenclick.ru,wm-goldenclick.ru,06-sep-2021,1630886400.0,
wms-tools.com,wms-tools.com,17-aug-2021,1629158400.0,
wms-tools.com,wms-tools.com,17-aug-2021,1629158400.0,
wonderlandads.com,wonderlandads.com,29-apr-2021,1619654400.0,
wonderlandads.com,wonderlandads.com,29-apr-2021,1619654400.0,
wp-stats.com,wp-stats.com,26-jan-2021,1611619200.0,
wp-stats.com,wp-stats.com,26-jan-2021,1611619200.0,
www4search.net,www4search.net,27-sep-2021,1632700800.0,
www4search.net,www4search.net,27-sep-2021,1632700800.0,
xed.pl,xed.pl,31-jan-2021,1612051200.0,
xed.pl,xed.pl,31-jan-2021,1612051200.0,
xiti.com,xiti.com,01-mar-2021,1614556800.0,
xiti.com,xiti.com,01-mar-2021,1614556800.0,
xpop.co,xpop.co,03-feb-2021,1612310400.0,
xpop.co,xpop.co,03-feb-2021,1612310400.0,
xpostmail.com,xpostmail.com,10-sep-2022,1662768000.0,
xpostmail.com,xpostmail.com,10-sep-2022,1662768000.0,
xtainment.net,xtainment.net,23-apr-2021,1619136000.0,
xtainment.net,xtainment.net,23-apr-2021,1619136000.0,
xxxreactor.com,xxxreactor.com,13-oct-2021,1634083200.0,
xxxreactor.com,xxxreactor.com,13-oct-2021,1634083200.0,
yandexadexchange.net,yandexadexchange.net,18-feb-2022,1645142400.0,
yandexadexchange.net,yandexadexchange.net,18-feb-2022,1645142400.0,
yatrk.xyz,yatrk.xyz,14-aug-2021,1628899200.0,
yatrk.xyz,yatrk.xyz,14-aug-2021,1628899200.0,
ybex.com,ybex.com,18-feb-2021,1613606400.0,
ybex.com,ybex.com,18-feb-2021,1613606400.0,
yieldbuild.com,yieldbuild.com,14-may-2021,1620950400.0,
yieldbuild.com,yieldbuild.com,14-may-2021,1620950400.0,
yllix.com,yllix.com,30-mar-2022,1648598400.0,
yllix.com,yllix.com,30-mar-2022,1648598400.0,
yourstats.net,yourstats.net,11-may-2021,1620691200.0,
yourstats.net,yourstats.net,11-may-2021,1620691200.0,
z2jakqoshx.com,z2jakqoshx.com,30-may-2021,1622332800.0,
z2jakqoshx.com,z2jakqoshx.com,30-may-2021,1622332800.0,
zbest.in,zbest.in,28-may-2021,1622160000.0,
zbest.in,zbest.in,28-may-2021,1622160000.0,
zbiornik.com,zbiornik.com,19-jul-2025,1752883200.0,
zbiornik.com,zbiornik.com,19-jul-2025,1752883200.0,
zdbb.net,zdbb.net,19-oct-2021,1634601600.0,
zdbb.net,zdbb.net,19-oct-2021,1634601600.0,
zedo.com,zedo.com,03-oct-2022,1664755200.0,
zedo.com,zedo.com,03-oct-2022,1664755200.0,
zeroredirect1.com,zeroredirect1.com,14-jun-2022,1655164800.0,
zeroredirect1.com,zeroredirect1.com,14-jun-2022,1655164800.0,
zhirok.com,zhirok.com,13-may-2021,1620864000.0,
zhirok.com,zhirok.com,13-may-2021,1620864000.0,
zoomovies.org,zoomovies.org,22-aug-2021,1629590400.0,
zoomovies.org,zoomovies.org,22-aug-2021,1629590400.0,
zr0.net,zr0.net,05-jun-2021,1622851200.0,
zr0.net,zr0.net,05-jun-2021,1622851200.0,
adhall.com,adhall.com,06-jan-2023,1672963200.0,
adhall.com,adhall.com,06-jan-2023,1672963200.0,
intermediads.com,intermediads.com,10-jan-2022,1641772800.0,
intermediads.com,intermediads.com,10-jan-2022,1641772800.0,
ntweb.org,ntweb.org,27-dec-2021,1640563200.0,
ntweb.org,ntweb.org,27-dec-2021,1640563200.0,
openstat.net,openstat.net,10-jan-2022,1641772800.0,
openstat.net,openstat.net,10-jan-2022,1641772800.0,
otracking.com,otracking.com,28-dec-2021,1640649600.0,
otracking.com,otracking.com,28-dec-2021,1640649600.0,
sinuatemedia.com,sinuatemedia.com,13-jan-2022,1642032000.0,
sinuatemedia.com,sinuatemedia.com,13-jan-2022,1642032000.0,
trackdiscovery.net,trackdiscovery.net,11-dec-2021,1639180800.0,
trackdiscovery.net,trackdiscovery.net,11-dec-2021,1639180800.0,
wtvertnet.com,wtvertnet.com,17-dec-2021,1639699200.0,
wtvertnet.com,wtvertnet.com,17-dec-2021,1639699200.0,
ztrack.net,ztrack.net,24-nov-2021,1637712000.0,
ztrack.net,ztrack.net,24-nov-2021,1637712000.0,
hitslap.com,hitslap.com,15-dec-2021,1639526400.0,
hitslap.com,hitslap.com,15-dec-2021,1639526400.0,
teens24h.com,teens24h.com,23-dec-2021,1640217600.0,
teens24h.com,teens24h.com,23-dec-2021,1640217600.0,
gernewt.info,gernewt.info,30-nov-2021,1638230400.0,
gernewt.info,gernewt.info,30-nov-2021,1638230400.0,
siniature.com,siniature.com,03-jan-2022,1641168000.0,
siniature.com,siniature.com,03-jan-2022,1641168000.0,
sumome.com,sumome.com,06-dec-2021,1638748800.0,
sumome.com,sumome.com,06-dec-2021,1638748800.0,
bororango.com,bororango.com,09-dec-2021,1639008000.0,
bororango.com,bororango.com,09-dec-2021,1639008000.0,
directleads.com,directleads.com,02-dec-2021,1638403200.0,
directleads.com,directleads.com,02-dec-2021,1638403200.0,
tororango.com,tororango.com,12-jan-2022,1641945600.0,
tororango.com,tororango.com,12-jan-2022,1641945600.0,
iframes.us,iframes.us,08-jan-2022,1641600000.0,
iframes.us,iframes.us,08-jan-2022,1641600000.0,
adultfriendfinder.com,adultfriendfinder.com,28-nov-2021,1638057600.0,
adultfriendfinder.com,adultfriendfinder.com,28-nov-2021,1638057600.0,
baypops.com,baypops.com,26-nov-2021,1637884800.0,
baypops.com,baypops.com,26-nov-2021,1637884800.0,
mgjmp.com,mgjmp.com,06-jan-2022,1641427200.0,
mgjmp.com,mgjmp.com,06-jan-2022,1641427200.0,
sascentral.com,sascentral.com,18-dec-2021,1639785600.0,
sascentral.com,sascentral.com,18-dec-2021,1639785600.0,
xxx-r.com,xxx-r.com,06-jan-2022,1641427200.0,
xxx-r.com,xxx-r.com,06-jan-2022,1641427200.0,
extremetracking.com,extremetracking.com,12-jan-2022,1641945600.0,
extremetracking.com,extremetracking.com,12-jan-2022,1641945600.0,
uptodatecontent.net,uptodatecontent.net,18-dec-2021,1639785600.0,
uptodatecontent.net,uptodatecontent.net,18-dec-2021,1639785600.0,
mytraf.info,mytraf.info,13-dec-2021,1639353600.0,
mytraf.info,mytraf.info,13-dec-2021,1639353600.0,
marketgid.com,marketgid.com,11-dec-2023,1702252800.0,
marketgid.com,marketgid.com,11-dec-2023,1702252800.0,
getmailcounter.com,getmailcounter.com,23-nov-2021,1637625600.0,
getmailcounter.com,getmailcounter.com,23-nov-2021,1637625600.0,
cetrk.com,cetrk.com,08-jan-2022,1641600000.0,
cetrk.com,cetrk.com,08-jan-2022,1641600000.0,
crazyegg.com,crazyegg.com,19-dec-2021,1639872000.0,
crazyegg.com,crazyegg.com,19-dec-2021,1639872000.0,
nbjmp.com,nbjmp.com,01-dec-2021,1638316800.0,
nbjmp.com,nbjmp.com,01-dec-2021,1638316800.0,
andr.net,andr.net,07-dec-2021,1638835200.0,
andr.net,andr.net,07-dec-2021,1638835200.0,
coinhive.com,coinhive.com,01-dec-2021,1638316800.0,
coinhive.com,coinhive.com,01-dec-2021,1638316800.0,
adbard.net,adbard.net,20-mar-2021,1616198400.0,
adbard.net,adbard.net,20-mar-2021,1616198400.0,
btprmnav.com,btprmnav.com,01-jan-2022,1640995200.0,
btprmnav.com,btprmnav.com,01-jan-2022,1640995200.0,
btnativedirect.com,btnativedirect.com,01-jan-2022,1640995200.0,
btnativedirect.com,btnativedirect.com,01-jan-2022,1640995200.0,
bttrack.com,bttrack.com,01-jan-2022,1640995200.0,
bttrack.com,bttrack.com,01-jan-2022,1640995200.0,
bdgadv.ru,bdgadv.ru,04-dec-2021,1638576000.0,
bdgadv.ru,bdgadv.ru,04-dec-2021,1638576000.0,
tsmtrk.com,tsmtrk.com,27-nov-2021,1637971200.0,
tsmtrk.com,tsmtrk.com,27-nov-2021,1637971200.0,
f5mtrack.com,f5mtrack.com,22-nov-2021,1637539200.0,
f5mtrack.com,f5mtrack.com,22-nov-2021,1637539200.0,
sinettrk.com,sinettrk.com,27-feb-2021,1614384000.0,
sinettrk.com,sinettrk.com,27-feb-2021,1614384000.0,
specificpop.com,specificpop.com,08-jan-2022,1641600000.0,
specificpop.com,specificpop.com,08-jan-2022,1641600000.0,
adultlinksco.com,adultlinksco.com,02-jan-2022,1641081600.0,
adultlinksco.com,adultlinksco.com,02-jan-2022,1641081600.0,
roia.biz,roia.biz,01-dec-2022,1669852800.0,
roia.biz,roia.biz,01-dec-2022,1669852800.0,
gostats.com,gostats.com,01-dec-2025,1764547200.0,
gostats.com,gostats.com,01-dec-2025,1764547200.0,
hitstatus.com,hitstatus.com,30-nov-2021,1638230400.0,
hitstatus.com,hitstatus.com,30-nov-2021,1638230400.0,
bde3d.com,bde3d.com,11-dec-2021,1639180800.0,
bde3d.com,bde3d.com,11-dec-2021,1639180800.0,
weownthetraffic.com,weownthetraffic.com,10-dec-2021,1639094400.0,
weownthetraffic.com,weownthetraffic.com,10-dec-2021,1639094400.0,
adhealers.com,adhealers.com,12-dec-2021,1639267200.0,
adhealers.com,adhealers.com,12-dec-2021,1639267200.0,
redirectingat.com,redirectingat.com,15-dec-2021,1639526400.0,
redirectingat.com,redirectingat.com,15-dec-2021,1639526400.0,
freelogs.com,freelogs.com,16-dec-2022,1671148800.0,
freelogs.com,freelogs.com,16-dec-2022,1671148800.0,
fishclix.com,fishclix.com,13-dec-2021,1639353600.0,
fishclix.com,fishclix.com,13-dec-2021,1639353600.0,
silveragesoftware.com,silveragesoftware.com,21-dec-2021,1640044800.0,
silveragesoftware.com,silveragesoftware.com,21-dec-2021,1640044800.0,
qksrv.com,qksrv.com,09-jan-2022,1641686400.0,
qksrv.com,qksrv.com,09-jan-2022,1641686400.0,
adsvids.com,adsvids.com,10-jan-2022,1641772800.0,
adsvids.com,adsvids.com,10-jan-2022,1641772800.0,
a2pub.com,a2pub.com,30-nov-2021,1638230400.0,
a2pub.com,a2pub.com,30-nov-2021,1638230400.0,
rmbn.net,rmbn.net,23-nov-2021,1637625600.0,
rmbn.net,rmbn.net,23-nov-2021,1637625600.0,
cartoonpornguide.com,cartoonpornguide.com,16-dec-2021,1639612800.0,
cartoonpornguide.com,cartoonpornguide.com,16-dec-2021,1639612800.0,
onlinadverts.com,onlinadverts.com,21-nov-2021,1637452800.0,
onlinadverts.com,onlinadverts.com,21-nov-2021,1637452800.0,
websponsors.com,websponsors.com,13-jan-2022,1642032000.0,
websponsors.com,websponsors.com,13-jan-2022,1642032000.0,
getclicky.com,getclicky.com,28-nov-2021,1638057600.0,
getclicky.com,getclicky.com,28-nov-2021,1638057600.0,
qualityporn.biz,qualityporn.biz,15-dec-2022,1671062400.0,TLD Registrar Solutions Ltd.
adspserving.com,adspserving.com,10-feb-2023,1675987200.0,Dynadot16 LLC
trkmydomain.com,trkmydomain.com,25-jan-2023,1674604800.0,"GoDaddy.com, LLC"
bluehparking.com,bluehparking.com,08-jan-2023,1673136000.0,Realtime Register B.V.
